日期,开盘价,最高价,最低价,收盘价,成交量(BTC),成交额(百万美元),价格变动,涨跌幅(%),价格振幅,振幅(%),实体大小,实体(%),趋势,多空比(LS),资金费率(FR),持仓量(OI-百万),清算量(美元)
2024-01-01,42152.1,42860.94,41998.26,42265.19,16397498809.56,693043331.46,,,862.68,2.04,113.09,0.27,上涨,2.455,0.02801,879.61,93700.0
2024-01-02,42280.24,44175.44,42214.98,44167.33,18426978443.25,813870441.75,1902.14,4.5,1960.46,4.44,1887.09,4.46,上涨,2.321,0.033397,892.82,1069200.0
2024-01-03,44187.14,45899.71,44176.95,44957.97,39335274535.93,1768434094.66,790.64,1.79,1722.76,3.83,770.83,1.74,上涨,2.081,0.01,855.9,3233600.0
2024-01-04,44961.6,45503.24,40813.53,42848.18,46342323118.41,1985684000.59,-2109.79,-4.69,4689.71,10.94,-2113.43,-4.7,下跌,2.451,0.01,831.09,260600.0
2024-01-05,42855.81,44770.02,42675.17,44179.92,30448091209.81,1345194285.59,1331.75,3.11,2094.85,4.74,1324.11,3.09,上涨,2.323,0.01,833.86,1096800.0
2024-01-06,44192.98,44353.29,42784.72,44162.69,32336029346.8,1428046092.59,-17.23,-0.04,1568.57,3.55,-30.29,-0.07,下跌,2.225,0.001285,806.44,351900.0
2024-01-07,44178.95,44227.63,43475.16,43989.19,16092503467.55,707896258.48,-173.5,-0.39,752.47,1.71,-189.76,-0.43,下跌,2.225,0.01,792.96,518500.0
2024-01-08,43998.46,44495.57,43662.23,43943.1,19330573863.32,849445286.77,-46.1,-0.1,833.34,1.9,-55.37,-0.13,下跌,2.222,0.004837,796.55,646900.0
2024-01-09,43948.71,47218.0,43244.08,46970.5,42746192015.18,2007810110.98,3027.41,6.89,3973.92,8.46,3021.8,6.88,上涨,2.0,0.01,818.0,3154700.0
2024-01-10,46987.64,47893.7,45244.72,46139.73,39821290991.56,1837343629.53,-830.77,-1.77,2648.99,5.74,-847.91,-1.8,下跌,2.133,0.01,853.6,1779800.0
2024-01-11,46121.54,47647.22,44483.15,46627.78,50114613298.1,2336733119.15,488.05,1.06,3164.07,6.79,506.24,1.1,上涨,2.38,0.01,840.61,3539200.0
2024-01-12,46656.07,48969.37,45678.65,46368.59,45833734549.23,2125245433.82,-259.19,-0.56,3290.73,7.1,-287.49,-0.62,下跌,2.378,0.01,897.58,4835700.0
2024-01-13,46354.79,46498.13,41903.77,42853.17,43332698900.4,1856943367.72,-3515.42,-7.58,4594.36,10.72,-3501.63,-7.55,下跌,2.652,0.01,847.73,370900.0
2024-01-14,42799.45,43234.66,42464.14,42842.38,20601860468.7,882632780.05,-10.78,-0.03,770.52,1.8,42.94,0.1,上涨,2.815,0.01,822.41,929300.0
2024-01-15,42842.26,43065.6,41724.61,41796.27,17521429522.39,732330392.21,-1046.11,-2.44,1340.99,3.21,-1045.99,-2.44,下跌,2.789,0.01,812.16,891900.0
2024-01-16,41715.07,43319.72,41705.42,42511.97,22320220557.74,948876495.86,715.7,1.71,1614.3,3.8,796.9,1.91,上涨,3.006,0.01,791.31,353200.0
2024-01-17,42499.34,43566.27,42086.0,43154.94,24062872739.52,1038431931.19,642.98,1.51,1480.28,3.43,655.61,1.54,上涨,2.903,0.01,803.56,861400.0
2024-01-18,43132.1,43189.89,42189.31,42742.65,20851232595.16,891236996.05,-412.29,-0.96,1000.58,2.34,-389.45,-0.9,下跌,2.981,0.01,802.04,2270600.0
2024-01-19,42742.31,42876.35,40631.17,41262.06,25218357242.1,1040561328.37,-1480.59,-3.46,2245.18,5.44,-1480.25,-3.46,下跌,2.909,0.01,803.41,1441700.0
2024-01-20,41278.46,42134.16,40297.46,41618.41,25752407154.41,1071774171.59,356.35,0.86,1836.7,4.41,339.95,0.82,上涨,,0.01,811.93,33100.0
2024-01-21,41624.59,41877.89,41446.82,41665.58,11586690904.11,482766252.84,47.18,0.11,431.07,1.03,41.0,0.1,上涨,,0.01,813.71,33700.0
2024-01-22,41671.49,41855.37,41497.01,41545.78,9344043641.69,388205614.29,-119.8,-0.29,358.36,0.86,-125.71,-0.3,下跌,,0.01,812.06,1984900.0
2024-01-23,41553.65,41651.21,39450.12,39507.37,31338708142.69,1238109901.06,-2038.41,-4.91,2201.09,5.57,-2046.28,-4.92,下跌,,0.01,796.56,2728300.0
2024-01-24,39518.72,40127.35,38521.89,39845.55,29244553045.3,1165265334.13,338.18,0.86,1605.46,4.03,326.84,0.83,上涨,2.902,0.01,775.85,232800.0
2024-01-25,39877.6,40483.78,39508.8,40077.07,22359526178.02,896104368.91,231.52,0.58,974.99,2.43,199.48,0.5,上涨,2.845,0.01,767.82,238000.0
2024-01-26,40075.55,40254.48,39545.66,39933.81,18491782013.19,738447267.91,-143.27,-0.36,708.82,1.77,-141.74,-0.35,下跌,2.791,0.01,790.49,129300.0
2024-01-27,39936.82,42209.39,39825.69,41816.87,25598119893.13,1070433324.62,1883.07,4.72,2383.69,5.7,1880.06,4.71,上涨,2.75,0.005219,810.37,30700.0
2024-01-28,41815.63,42195.63,41431.28,42120.06,11422941934.26,481134957.97,303.18,0.73,764.35,1.81,304.43,0.73,上涨,2.704,0.01,801.62,1510700.0
2024-01-29,42126.13,42797.18,41696.91,42035.59,16858971687.07,708676895.37,-84.46,-0.2,1100.27,2.62,-90.53,-0.21,下跌,2.537,0.01,863.4,214300.0
2024-01-30,42030.92,43305.87,41818.33,43288.25,20668476578.33,894702084.85,1252.65,2.98,1487.54,3.44,1257.33,2.99,上涨,2.52,0.01,849.37,318400.0
2024-01-31,43300.23,43838.95,42711.37,42952.61,23842814517.72,1024111070.61,-335.64,-0.78,1127.58,2.63,-347.62,-0.8,下跌,2.356,0.01,827.74,2052500.0
2024-02-01,42946.25,43717.4,42298.95,42582.61,24673628793.16,1050667423.1,-370.0,-0.86,1418.46,3.33,-363.64,-0.85,下跌,2.412,0.01,831.77,450900.0
2024-02-02,42569.76,43243.17,41879.19,43075.77,21423953779.18,922853404.03,493.17,1.16,1363.98,3.17,506.01,1.19,上涨,2.416,0.01,842.38,150600.0
2024-02-03,43077.64,43422.49,42584.34,43185.86,18603843039.33,803422950.4,110.08,0.26,838.15,1.94,108.22,0.25,上涨,2.366,0.006306,820.11,13900.0
2024-02-04,43184.96,43359.94,42890.81,42992.25,11169245236.24,480190979.37,-193.61,-0.45,469.14,1.09,-192.71,-0.45,下跌,2.357,0.01,820.02,1022100.0
2024-02-05,42994.94,43097.64,42374.83,42583.58,14802225490.25,630331796.57,-408.67,-0.95,722.81,1.7,-411.36,-0.96,下跌,2.404,0.01,809.23,617300.0
2024-02-06,42577.62,43494.25,42264.82,42658.67,18715487317.32,798377723.4,75.08,0.18,1229.43,2.88,81.04,0.19,上涨,2.54,0.01,811.63,72100.0
2024-02-07,42657.39,43344.15,42529.02,43084.67,16798476725.59,723756857.53,426.01,1.0,815.13,1.89,427.28,1.0,上涨,2.38,0.01,799.47,180200.0
2024-02-08,43090.02,44341.95,42775.96,44318.22,21126587774.95,936292858.89,1233.55,2.86,1565.99,3.53,1228.2,2.85,上涨,2.276,0.01,814.86,178000.0
2024-02-09,44332.13,45575.84,44332.13,45301.57,26154524080.46,1184840915.28,983.34,2.22,1243.72,2.75,969.44,2.19,上涨,2.064,0.01,871.52,1324400.0
2024-02-10,45297.38,48152.49,45260.82,47147.2,39316770843.67,1853675670.61,1845.63,4.07,2891.67,6.13,1849.82,4.08,上涨,1.915,0.004031,846.67,273400.0
2024-02-11,47153.53,48146.17,46905.32,47771.28,16398681569.88,783385965.73,624.08,1.32,1240.85,2.6,617.75,1.31,上涨,1.907,0.01,847.46,329900.0
2024-02-12,47768.97,48535.94,47617.41,48293.92,19315867135.91,932838879.43,522.64,1.09,918.53,1.9,524.95,1.1,上涨,1.855,0.010677,866.9,1129200.0
2024-02-13,48296.39,50280.48,47745.76,49958.22,34511985804.6,1724157525.07,1664.31,3.45,2534.72,5.07,1661.84,3.44,上涨,1.768,0.011406,960.49,1412700.0
2024-02-14,49941.36,50358.39,48406.5,49742.44,35593051468.37,1770485262.31,-215.78,-0.43,1951.9,3.92,-198.92,-0.4,下跌,1.783,0.024137,952.15,168600.0
2024-02-15,49733.44,52021.37,49296.83,51826.7,39105608049.68,2026714460.13,2084.26,4.19,2724.54,5.26,2093.25,4.21,上涨,1.695,0.01,959.75,1135400.0
2024-02-16,51836.78,52820.07,51371.63,51938.56,38564360532.5,2002977211.32,111.86,0.22,1448.44,2.79,101.77,0.2,上涨,1.75,0.041647,989.03,656200.0
2024-02-17,51937.73,52537.97,51641.37,52160.2,28180567297.56,1469904106.08,221.65,0.43,896.6,1.72,222.48,0.43,上涨,1.709,0.016663,1004.37,329500.0
2024-02-18,52161.68,52191.91,50669.67,51663.0,20009091006.1,1033729576.0,-497.21,-0.95,1522.25,2.95,-498.68,-0.96,下跌,1.752,0.030878,1008.5,238100.0
2024-02-19,51661.97,52356.96,51233.71,52122.55,17595377310.88,917115853.69,459.55,0.89,1123.25,2.16,460.58,0.89,上涨,1.767,0.028146,1011.87,210700.0
2024-02-20,52134.81,52483.33,51711.82,51779.14,21362184346.21,1106115620.74,-343.4,-0.66,771.51,1.49,-355.67,-0.68,下跌,1.802,0.020029,1014.43,4215500.0
2024-02-21,51777.73,52945.05,50792.31,52284.87,33353758255.74,1743897033.05,505.73,0.98,2152.74,4.12,507.15,0.98,上涨,1.858,0.01,1016.5,1128200.0
2024-02-22,52273.54,52368.82,50671.76,51839.18,28624907019.65,1483891722.69,-445.69,-0.85,1697.06,3.27,-434.36,-0.83,下跌,1.933,0.034808,1045.82,404100.0
2024-02-23,51854.65,52009.61,50926.29,51304.97,25413900610.68,1303859519.13,-534.21,-1.03,1083.32,2.11,-549.67,-1.06,下跌,1.88,0.018451,1063.34,610700.0
2024-02-24,51283.9,51497.93,50561.78,50731.95,21427078269.5,1087037446.08,-573.03,-1.12,936.16,1.85,-551.96,-1.08,下跌,1.946,0.026867,1126.49,900.0
2024-02-25,50736.37,51684.19,50585.45,51571.1,15174077878.77,782543934.92,839.15,1.65,1098.75,2.13,834.73,1.65,上涨,2.007,0.027482,1090.72,52600.0
2024-02-26,51565.22,51950.03,51306.17,51733.24,15413239244.6,797376752.64,162.13,0.31,643.86,1.24,168.02,0.33,上涨,1.956,0.01,1085.19,661400.0
2024-02-27,51730.54,54938.17,50931.03,54522.4,34074411896.32,1857818767.54,2789.16,5.39,4007.14,7.35,2791.86,5.4,上涨,1.892,0.035117,1085.22,1775800.0
2024-02-28,54519.36,57537.84,54484.2,57085.37,49756832031.01,2840387281.3,2562.97,4.7,3053.64,5.35,2566.01,4.71,上涨,1.89,0.066515,1180.39,5633000.0
2024-02-29,57071.1,63913.13,56738.42,62504.79,83239156760.06,5202845950.93,5419.42,9.49,7174.71,11.48,5433.69,9.52,上涨,2.017,0.070208,1286.33,2940100.0
2024-03-01,62499.18,63585.64,60498.73,61198.38,65496611843.55,4008286730.08,-1306.41,-2.09,3086.91,5.04,-1300.8,-2.08,下跌,2.01,0.047263,1366.3,497700.0
2024-03-02,61168.06,63155.1,60802.53,62440.63,40186368422.95,2509262263.89,1242.25,2.03,2352.58,3.77,1272.57,2.08,上涨,1.974,0.068311,1379.69,473200.0
2024-03-03,62431.65,62458.7,61657.29,62029.85,23888473684.9,1481798345.22,-410.79,-0.66,801.41,1.29,-401.81,-0.64,下跌,2.023,0.049753,1385.24,795800.0
2024-03-04,62031.58,63230.21,61435.02,63167.37,26253811449.72,1658384231.14,1137.52,1.83,1795.19,2.84,1135.79,1.83,上涨,2.008,0.068712,1330.13,2770600.0
2024-03-05,63137.0,68537.03,62386.52,68330.42,70670471104.67,4828942661.8,5163.05,8.17,6150.51,9.0,5193.41,8.23,上涨,2.048,0.067329,1333.01,15881900.0
2024-03-06,68341.06,69170.63,59323.91,63801.2,102802940877.32,6558950740.73,-4529.22,-6.63,9846.72,15.43,-4539.86,-6.64,下跌,2.124,0.049602,1439.77,4507400.0
2024-03-07,63776.05,67637.93,62848.67,66106.8,68750229073.49,4544857834.94,2305.61,3.61,4789.26,7.24,2330.75,3.65,上涨,1.995,0.03552,1482.5,635200.0
2024-03-08,66099.74,68029.92,65655.53,66925.48,46989543159.21,3144797881.38,818.68,1.24,2374.38,3.55,825.74,1.25,上涨,2.01,0.055975,1422.33,5388700.0
2024-03-09,66938.09,70083.05,66230.45,68300.1,59202881172.24,4043562449.27,1374.61,2.05,3852.6,5.64,1362.0,2.03,上涨,2.054,0.020042,1397.42,1511300.0
2024-03-10,68299.26,68673.06,68053.13,68498.88,21609650379.03,1480236876.33,198.79,0.29,619.93,0.91,199.62,0.29,上涨,2.056,0.062035,1377.15,2321000.0
2024-03-11,68500.26,70005.2,68239.98,69019.79,35683977531.52,2462900505.84,520.91,0.76,1765.22,2.56,519.53,0.76,上涨,1.966,0.098585,1454.43,4029000.0
2024-03-12,69020.55,72850.71,67194.89,72123.9,65716656764.81,4739741813.9,3104.12,4.5,5655.83,7.84,3103.35,4.5,上涨,1.884,0.073692,1572.58,4560100.0
2024-03-13,72125.12,72825.66,68728.85,71481.29,62554434520.34,4471471774.44,-642.61,-0.89,4096.8,5.73,-643.83,-0.89,下跌,2.049,0.01,1717.76,3121700.0
2024-03-14,71482.12,73637.47,71334.09,73083.5,48212536929.31,3523541006.71,1602.21,2.24,2303.38,3.15,1601.38,2.24,上涨,1.909,0.048628,1553.74,8342400.0
2024-03-15,73079.37,73750.07,68563.02,71396.59,59594605698.01,4254851622.8,-1686.91,-2.31,5187.05,7.27,-1682.78,-2.3,下跌,2.143,0.017044,1653.86,11225000.0
2024-03-16,71387.87,72357.13,65630.69,69403.77,78320453975.56,5435734917.51,-1992.82,-2.79,6726.44,9.69,-1984.1,-2.78,下跌,2.163,0.027708,1531.71,6735000.0
2024-03-17,69392.49,70046.27,64801.4,65315.12,46842198370.83,3059503689.34,-4088.65,-5.89,5244.88,8.03,-4077.37,-5.88,下跌,2.234,0.039807,1555.2,1148100.0
2024-03-18,65316.34,68845.72,64545.32,68390.62,44716864318.25,3058214200.53,3075.51,4.71,4300.4,6.29,3074.28,4.71,上涨,2.253,0.013347,1523.1,2328600.0
2024-03-19,68371.31,68897.13,66594.23,67548.59,49261579492.09,3327550313.03,-842.03,-1.23,2302.9,3.41,-822.72,-1.2,下跌,2.208,0.037318,1491.68,11617700.0
2024-03-20,67556.13,68106.93,61536.18,61912.77,74215844794.11,4594908763.05,-5635.82,-8.34,6570.75,10.61,-5643.36,-8.35,下跌,2.412,0.01,1578.1,4325600.0
2024-03-21,61930.15,68115.26,60807.79,67913.67,66792634382.18,4536133131.91,6000.9,9.69,7307.47,10.76,5983.52,9.66,上涨,2.404,0.020652,1565.27,2057200.0
2024-03-22,67911.58,68199.99,64580.92,65491.39,44480350564.9,2913079982.86,-2422.28,-3.57,3619.07,5.53,-2420.19,-3.56,下跌,2.473,0.01,1553.07,4019700.0
2024-03-23,65489.93,66623.75,62355.37,63778.76,41401116964.03,2640512008.47,-1712.63,-2.62,4268.38,6.69,-1711.17,-2.61,下跌,2.582,0.021069,1582.27,906700.0
2024-03-24,63802.72,65976.4,63038.49,64062.2,24738964812.32,1584832569.17,283.44,0.44,2937.91,4.59,259.48,0.41,上涨,2.466,0.044465,1584.29,733100.0
2024-03-25,64070.75,67622.76,63825.85,67234.17,27206630673.06,1829215295.82,3171.97,4.95,3796.91,5.65,3163.42,4.94,上涨,2.428,0.025431,1627.78,1018200.0
2024-03-26,67234.1,71162.59,66414.83,69958.81,42700139522.64,2987251100.79,2724.64,4.05,4747.76,6.79,2724.72,4.05,上涨,2.234,0.025417,1739.06,2124000.0
2024-03-27,69931.33,71535.74,69335.61,69987.84,36010437368.41,2520292689.35,29.03,0.04,2200.13,3.14,56.51,0.08,上涨,2.22,0.063059,1630.59,2822600.0
2024-03-28,69991.9,71727.68,68381.93,69455.34,40827113309.13,2835661076.15,-532.5,-0.76,3345.76,4.82,-536.56,-0.77,下跌,2.294,0.057298,1697.88,367300.0
2024-03-29,69452.77,71546.02,68895.51,70744.95,34374900617.48,2431850696.39,1289.61,1.86,2650.51,3.75,1292.18,1.86,上涨,2.114,0.033233,1643.06,2473300.0
2024-03-30,70744.8,70913.1,69076.65,69892.83,25230851762.56,1763455609.47,-852.12,-1.2,1836.44,2.63,-851.97,-1.2,下跌,2.214,0.046856,1671.78,160100.0
2024-03-31,69893.44,70355.49,69601.07,69645.31,17130241882.57,1193040934.19,-247.52,-0.35,754.43,1.08,-248.14,-0.36,下跌,2.182,0.084788,1683.37,227100.0
2024-04-01,69647.78,71377.78,69624.87,71333.65,20050941372.83,1430306792.47,1688.34,2.42,1752.91,2.46,1685.87,2.42,上涨,2.09,0.01516,1720.68,2811600.0
2024-04-02,71333.48,71342.09,68110.7,69702.15,34873527352.32,2430759699.0,-1631.5,-2.29,3231.4,4.64,-1631.34,-2.29,下跌,2.139,0.01,1721.85,5397400.0
2024-04-03,69705.02,69708.38,64586.59,65446.97,50705240709.24,3318504582.17,-4255.17,-6.1,5121.79,7.83,-4258.05,-6.11,下跌,2.365,0.01,1727.47,836700.0
2024-04-04,65446.67,66914.32,64559.9,65980.81,34488018367.47,2275547340.64,533.83,0.82,2354.42,3.57,534.14,0.82,上涨,2.419,0.01,1730.68,1456100.0
2024-04-05,65975.7,69291.25,65113.8,68508.84,34439527441.54,2359412138.69,2528.03,3.83,4177.46,6.1,2533.15,3.84,上涨,2.327,0.01,1735.06,1244300.0
2024-04-06,68515.75,68725.76,66011.48,67837.64,33748230055.84,2289400366.62,-671.2,-0.98,2714.28,4.0,-678.11,-0.99,下跌,2.328,0.01,1707.54,184400.0
2024-04-07,67840.57,69629.6,67491.72,68896.11,19967785808.97,1375702767.24,1058.47,1.56,2137.89,3.1,1055.54,1.56,上涨,2.296,0.01,1786.72,486900.0
2024-04-08,68897.11,70284.43,68851.63,69362.55,21204930368.78,1470828070.04,466.44,0.68,1432.8,2.07,465.44,0.68,上涨,2.239,0.036453,1703.92,322000.0
2024-04-09,69362.55,72715.36,69064.24,71631.36,37261432669.09,2669086983.86,2268.81,3.27,3651.11,5.1,2268.8,3.27,上涨,2.12,0.01,1839.42,4064500.0
2024-04-10,71632.5,71742.51,68212.92,69139.02,36426900409.13,2518520044.09,-2492.34,-3.48,3529.59,5.11,-2493.49,-3.48,下跌,2.31,0.01,1757.76,1698400.0
2024-04-11,69140.24,71093.43,67503.57,70587.88,38318601774.43,2704828842.33,1448.86,2.1,3589.87,5.09,1447.64,2.09,上涨,2.364,0.01,1781.91,464800.0
2024-04-12,70575.73,71256.24,69571.81,70060.61,30153382941.04,2112564313.78,-527.27,-0.75,1684.42,2.4,-515.13,-0.73,下跌,2.287,0.01,1788.4,6303100.0
2024-04-13,70061.38,71222.74,65254.83,67195.86,44129299406.24,2965306409.22,-2864.74,-4.09,5967.91,8.88,-2865.52,-4.09,下跌,2.598,0.01,1821.63,6680200.0
2024-04-14,67188.38,67931.43,60919.11,63821.47,52869738184.63,3374224614.84,-3374.39,-5.02,7012.32,10.99,-3366.9,-5.01,下跌,2.757,0.01,1715.28,2709100.0
2024-04-15,63836.23,65824.43,62205.85,65738.72,49084320047.0,3226740562.74,1917.25,3.0,3618.58,5.5,1902.49,2.98,上涨,2.666,0.000273,1736.3,3757700.0
2024-04-16,65739.64,66878.65,62332.07,63426.21,43595917653.69,2765123829.05,-2312.51,-3.52,4546.58,7.17,-2313.43,-3.52,下跌,2.814,-0.008097,1640.32,2611900.0
2024-04-17,63419.3,64355.67,61716.4,63811.86,42847528078.04,2734180631.91,385.65,0.61,2639.27,4.14,392.57,0.62,上涨,2.856,-0.00318,1618.75,2716700.0
2024-04-18,63831.85,64486.36,59768.59,61276.69,41915247048.65,2568427736.26,-2535.17,-3.97,4717.78,7.7,-2555.15,-4.0,下跌,3.055,-0.021167,1604.52,1515400.0
2024-04-19,61275.32,64125.69,60833.48,63512.75,36006307334.72,2286859722.01,2236.06,3.65,3292.21,5.18,2237.44,3.65,上涨,2.861,-0.005092,1585.79,2019600.0
2024-04-20,63510.75,65481.6,59651.39,63843.57,49920425400.63,3187098098.74,330.82,0.52,5830.21,9.13,332.82,0.52,上涨,2.814,0.007259,1580.67,140000.0
2024-04-21,63851.1,65442.46,63172.4,64994.44,23097485494.81,1501208136.72,1150.87,1.8,2270.06,3.49,1143.34,1.79,上涨,2.942,0.002592,1557.52,388700.0
2024-04-22,64992.82,65723.24,64277.72,64926.64,20506644853.02,1331427613.84,-67.8,-0.1,1445.52,2.23,-66.17,-0.1,下跌,2.804,-0.000746,1568.65,262200.0
2024-04-23,64935.63,67233.96,64548.18,66837.68,28282686673.3,1890349050.85,1911.03,2.94,2685.78,4.02,1902.04,2.93,上涨,2.795,0.009861,1617.07,450300.0
2024-04-24,66839.89,67199.24,65864.87,66407.27,24310975583.48,1614425563.28,-430.4,-0.64,1334.37,2.01,-432.62,-0.65,下跌,2.785,0.01,1643.23,2021600.0
2024-04-25,66408.72,67075.37,63589.87,64276.9,30276655120.02,1946089455.23,-2130.37,-3.21,3485.5,5.42,-2131.82,-3.21,下跌,2.802,0.01,1663.89,1015100.0
2024-04-26,64275.02,65275.21,62783.63,64481.71,32155786816.01,2073460012.39,204.81,0.32,2491.57,3.86,206.69,0.32,上涨,2.82,0.002535,1654.96,648600.0
2024-04-27,64485.37,64789.66,63322.4,63755.32,24139372950.15,1539013479.18,-726.39,-1.13,1467.26,2.3,-730.05,-1.13,下跌,2.818,0.01,1625.3,642300.0
2024-04-28,63750.99,63898.36,62424.72,63419.14,19530783038.96,1238625487.22,-336.18,-0.53,1473.64,2.32,-331.85,-0.52,下跌,3.052,0.008788,1610.95,176500.0
2024-04-29,63423.51,64321.48,62793.6,63113.23,17334827992.62,1094057015.28,-305.91,-0.48,1527.88,2.42,-310.28,-0.49,下跌,3.085,0.01,1588.31,581500.0
2024-04-30,63106.36,64174.88,61795.46,63841.12,26635912073.23,1700466463.35,727.89,1.15,2379.42,3.73,734.76,1.16,上涨,3.016,0.01,1643.92,5759000.0
2024-05-01,63839.42,64703.33,59120.07,60636.86,37840840057.21,2294549598.98,-3204.26,-5.02,5583.26,9.21,-3202.56,-5.02,下跌,3.48,0.01,1566.3,7374600.0
2024-05-02,60609.5,60780.5,56555.29,58254.01,48439780271.06,2821811437.19,-2382.85,-3.93,4225.21,7.25,-2355.49,-3.89,下跌,3.558,-0.009919,1458.32,793100.0
2024-05-03,58253.7,59602.3,56937.2,59123.43,32711813559.09,1934034692.63,869.42,1.49,2665.09,4.51,869.73,1.49,上涨,3.437,0.01,1448.36,212000.0
2024-05-04,59122.3,63320.5,58848.31,62889.84,33172023048.2,2086183113.97,3766.4,6.37,4472.19,7.11,3767.54,6.37,上涨,3.137,0.002061,1493.67,300000.0
2024-05-05,62891.03,64494.96,62599.35,63891.47,20620477991.84,1317472711.18,1001.64,1.59,1895.61,2.97,1000.44,1.59,上涨,2.823,0.01,1517.12,284700.0
2024-05-06,63892.45,64610.89,62955.31,64031.13,18296164805.46,1171524158.55,139.66,0.22,1655.58,2.59,138.68,0.22,上涨,2.768,0.01,1530.68,1468700.0
2024-05-07,64038.31,65494.9,62746.24,63161.95,28697928697.49,1812617144.89,-869.18,-1.36,2748.66,4.35,-876.36,-1.37,下跌,2.801,0.01,1523.25,1296400.0
2024-05-08,63162.76,64390.46,62285.98,62334.82,25930730981.56,1616387405.32,-827.13,-1.31,2104.48,3.38,-827.95,-1.31,下跌,2.849,0.01,1500.65,2523400.0
2024-05-09,62332.64,62986.08,60877.13,61187.94,26088172222.01,1596281553.17,-1146.88,-1.84,2108.96,3.45,-1144.7,-1.84,下跌,2.925,0.01,1559.06,592200.0
2024-05-10,61191.2,63404.92,60648.08,63049.96,25453338160.85,1604831934.0,1862.02,3.04,2756.84,4.37,1858.76,3.04,上涨,3.236,-0.008397,1525.29,1749600.0
2024-05-11,63055.19,63446.74,60208.78,60792.78,27804954694.22,1690340404.4,-2257.18,-3.58,3237.96,5.33,-2262.41,-3.59,下跌,3.275,0.008087,1524.53,103900.0
2024-05-12,60793.36,61451.15,60492.63,60793.71,13842272967.56,841523122.99,0.93,0.0,958.53,1.58,0.35,0.0,上涨,3.301,0.01,1505.02,173800.0
2024-05-13,60793.5,61818.15,60632.6,61448.39,13800459404.7,848016076.15,654.69,1.08,1185.55,1.93,654.89,1.08,上涨,3.263,0.01,1499.2,319200.0
2024-05-14,61451.22,63422.66,60769.84,62901.45,27889181179.46,1754269864.53,1453.05,2.36,2652.82,4.22,1450.23,2.36,上涨,3.018,0.007398,1507.62,418500.0
2024-05-15,62900.77,63092.13,61123.77,61552.79,28186271527.17,1734943656.01,-1348.66,-2.14,1968.36,3.2,-1347.98,-2.14,下跌,3.243,0.001108,1503.44,466500.0
2024-05-16,61553.99,66454.45,61330.41,66267.49,39815167073.5,2638451244.32,4714.7,7.66,5124.04,7.73,4713.5,7.66,上涨,2.792,0.000738,1555.39,1500700.0
2024-05-17,66256.11,66712.43,64613.06,65231.58,31573077993.8,2059561772.89,-1035.91,-1.56,2099.37,3.22,-1024.53,-1.55,下跌,2.726,0.00938,1525.64,493200.0
2024-05-18,65231.3,67459.46,65119.31,67051.87,28031279309.72,1879549833.92,1820.29,2.79,2340.14,3.49,1820.58,2.79,上涨,2.697,0.01,1505.76,320100.0
2024-05-19,67066.21,67387.33,66663.5,66940.8,16712277405.88,1118733293.07,-111.07,-0.17,723.83,1.08,-125.41,-0.19,下跌,2.676,0.01,1494.75,1569500.0
2024-05-20,66937.93,67694.3,65937.18,66278.37,19249094537.72,1275798611.52,-662.43,-0.99,1757.12,2.65,-659.56,-0.99,下跌,2.611,0.01,1486.27,366500.0
2024-05-21,66278.74,71483.57,66086.17,71448.2,43850655717.06,3133050208.94,5169.83,7.8,5397.39,7.55,5169.45,7.8,上涨,2.455,0.018815,1558.68,1977300.0
2024-05-22,71443.06,71946.46,69191.12,70136.53,46932005990.29,3291648113.82,-1311.66,-1.84,2755.34,3.93,-1306.53,-1.83,下跌,2.549,0.01,1617.8,1873000.0
2024-05-23,70135.32,70623.69,68977.69,69122.34,32802561717.06,2267389791.26,-1014.19,-1.45,1646.0,2.38,-1012.98,-1.44,下跌,2.608,0.01,1621.09,1896100.0
2024-05-24,69121.3,70041.27,66356.95,67929.56,41895680979.35,2845955302.15,-1192.78,-1.73,3684.32,5.42,-1191.74,-1.72,下跌,2.92,0.01,1611.2,384800.0
2024-05-25,67928.13,69220.29,66622.67,68526.1,29197308152.62,2000777593.19,596.53,0.88,2597.63,3.79,597.97,0.88,上涨,2.843,0.01,1582.16,20500.0
2024-05-26,68526.92,69579.32,68515.82,69265.94,15473071741.05,1071756901.2,739.84,1.08,1063.5,1.54,739.02,1.08,上涨,2.894,0.01,1592.68,212000.0
2024-05-27,69264.29,69506.23,68183.89,68518.09,15628433736.91,1070830428.8,-747.85,-1.08,1322.34,1.93,-746.2,-1.08,下跌,2.84,0.024474,1597.42,383900.0
2024-05-28,68512.18,70597.88,68232.5,69394.55,25870990716.7,1795305846.12,876.46,1.28,2365.38,3.41,882.37,1.29,上涨,2.804,0.01,1604.62,2160500.0
2024-05-29,69392.2,69514.64,67227.15,68296.22,32722265965.17,2234807140.32,-1098.33,-1.58,2287.48,3.35,-1095.97,-1.58,下跌,2.979,0.01,1572.48,862800.0
2024-05-30,68296.35,68852.46,67101.49,67578.09,26707072905.64,1804813054.44,-718.13,-1.05,1750.97,2.59,-718.26,-1.05,下跌,3.058,0.01,1601.15,130300.0
2024-05-31,67576.09,69500.54,67118.08,68364.99,29509712533.79,2017431188.92,786.9,1.16,2382.47,3.48,788.9,1.17,上涨,2.902,0.01,1584.07,2564200.0
2024-06-01,68362.52,68999.57,66633.42,67491.42,27387283769.48,1848406589.68,-873.57,-1.28,2366.15,3.51,-871.1,-1.27,下跌,3.117,0.01,1568.96,0.0
2024-06-02,67489.61,67839.77,67386.2,67706.94,11641495603.74,788210013.08,215.52,0.32,453.57,0.67,217.33,0.32,上涨,3.108,0.01,1560.69,623100.0
2024-06-03,67710.27,68409.17,67315.53,67751.6,17110588415.4,1159269786.15,44.67,0.07,1093.64,1.61,41.33,0.06,上涨,3.12,0.01,1562.29,351500.0
2024-06-04,67753.9,70230.82,67589.84,68804.78,32401285323.51,2229363311.16,1053.18,1.55,2640.98,3.84,1050.88,1.55,上涨,2.762,0.01,1636.32,205400.0
2024-06-05,68804.57,71047.41,68564.64,70567.77,33149696544.76,2339300125.02,1762.99,2.56,2482.76,3.52,1763.2,2.56,上涨,2.594,0.01,1698.35,196600.0
2024-06-06,70568.35,71735.41,70390.71,71082.82,32810771409.33,2332282246.87,515.05,0.73,1344.7,1.89,514.47,0.73,上涨,2.593,0.022125,1671.59,1686400.0
2024-06-07,71082.84,71625.74,70119.12,70757.17,25223152007.14,1784718749.88,-325.66,-0.46,1506.61,2.13,-325.67,-0.46,下跌,2.609,0.035651,1723.04,5101500.0
2024-06-08,70759.18,71907.85,68507.26,69342.59,36188381096.17,2509395955.0,-1414.58,-2.0,3400.59,4.9,-1416.6,-2.0,下跌,2.771,0.01,1723.79,20400.0
2024-06-09,69324.18,69533.32,69210.74,69305.77,14262185861.29,988451834.59,-36.81,-0.05,322.58,0.47,-18.4,-0.03,下跌,2.764,0.01,1703.96,26500.0
2024-06-10,69297.49,69817.52,69160.84,69647.99,13534028500.18,942617922.28,342.22,0.49,656.68,0.94,350.5,0.51,上涨,2.81,0.01,1719.27,144700.0
2024-06-11,69644.31,70146.07,69232.43,69512.28,20597699540.57,1431793063.55,-135.71,-0.19,913.64,1.31,-132.03,-0.19,下跌,2.745,0.01,1727.89,5884600.0
2024-06-12,69508.08,69549.42,66123.6,67332.03,37116136345.4,2499104823.12,-2180.25,-3.14,3425.82,5.09,-2176.05,-3.13,下跌,3.149,0.01,1684.63,1260300.0
2024-06-13,67321.37,69977.89,66902.46,68241.18,34497940693.82,2354180321.11,909.15,1.35,3075.44,4.51,919.81,1.37,上涨,2.937,0.01,1671.19,1625200.0
2024-06-14,68243.1,68365.78,66304.57,66756.4,28955204145.83,1932945105.88,-1484.79,-2.18,2061.22,3.09,-1486.71,-2.18,下跌,3.127,0.01,1701.74,3508900.0
2024-06-15,66747.57,67294.65,65056.89,66011.09,27403884779.06,1808960406.64,-745.3,-1.12,2237.76,3.39,-736.48,-1.1,下跌,3.182,0.01,1684.88,8900.0
2024-06-16,66006.74,66402.19,65871.78,66191.0,14121265575.81,934700696.37,179.91,0.27,530.41,0.8,184.26,0.28,上涨,3.205,0.01,1707.14,358000.0
2024-06-17,66189.36,66894.84,66018.25,66639.05,13281140540.78,885042542.54,448.05,0.68,876.59,1.32,449.69,0.68,上涨,3.297,0.01,1706.63,710800.0
2024-06-18,66636.52,67188.32,65094.96,66490.29,30006354475.77,1995131336.22,-148.75,-0.22,2093.35,3.15,-146.22,-0.22,下跌,3.216,0.004638,1699.63,991000.0
2024-06-19,66490.98,66556.7,64066.96,65140.74,39481285949.68,2571840364.11,-1349.55,-2.03,2489.74,3.82,-1350.23,-2.03,下跌,3.323,0.0047,1603.84,116300.0
2024-06-20,65146.66,65695.35,64693.3,64960.3,21103423504.4,1370884622.71,-180.45,-0.28,1002.05,1.54,-186.36,-0.29,下跌,3.369,0.01,1620.32,453000.0
2024-06-21,64960.3,66438.96,64547.85,64828.66,25641109124.03,1662278638.03,-131.64,-0.2,1891.11,2.92,-131.64,-0.2,下跌,3.442,0.01,1623.32,874700.0
2024-06-22,64837.99,65007.55,63378.89,64096.2,26188171739.19,1678562245.97,-732.46,-1.13,1628.65,2.54,-741.79,-1.14,下跌,3.48,0.01,1615.79,0.0
2024-06-23,64113.86,64475.47,63929.76,64252.58,9858198792.61,633414694.22,156.38,0.24,545.71,0.85,138.71,0.22,上涨,3.478,0.01,1607.39,1684600.0
2024-06-24,64248.96,64491.7,63180.8,63180.8,11170471802.36,705759324.82,-1071.78,-1.67,1310.91,2.07,-1068.16,-1.66,下跌,3.444,-0.002308,1620.8,8577500.0
2024-06-25,63173.35,63292.53,58601.7,60277.41,43152133650.56,2601099053.36,-2903.38,-4.6,4690.83,7.78,-2895.94,-4.58,下跌,3.668,0.01,1592.05,351000.0
2024-06-26,60266.28,62258.26,60239.75,61804.64,29201215430.56,1804770641.36,1527.23,2.53,2018.51,3.27,1538.36,2.55,上涨,3.71,0.01,1564.51,462700.0
2024-06-27,61789.68,62434.14,60695.19,60811.28,22506003064.37,1368618819.15,-993.36,-1.61,1738.95,2.86,-978.4,-1.58,下跌,3.649,0.01,1560.2,161000.0
2024-06-28,60811.23,62293.86,60585.33,61604.8,21231745044.69,1307977444.58,793.52,1.3,1708.53,2.77,793.57,1.3,上涨,3.636,0.01,1578.34,1563300.0
2024-06-29,61612.81,62126.1,59985.4,60320.14,24952866877.23,1505160311.81,-1284.67,-2.09,2140.69,3.55,-1292.67,-2.1,下跌,3.751,0.021407,1589.59,5700.0
2024-06-30,60319.87,61097.62,60300.97,60887.38,12652903395.87,770402147.73,567.25,0.94,796.66,1.31,567.51,0.94,上涨,3.628,0.01,1695.53,328800.0
2024-07-01,60888.45,62892.83,60632.95,62678.29,17333226408.92,1086417027.54,1790.91,2.94,2259.88,3.61,1789.85,2.94,上涨,3.634,0.01,1776.89,1016600.0
2024-07-02,62673.61,63777.23,62495.51,62851.98,25468379421.26,1600738075.75,173.69,0.28,1281.72,2.04,178.37,0.28,上涨,3.48,0.01,1736.44,1404800.0
2024-07-03,62844.41,63203.36,61752.75,62029.02,20151616991.74,1249984989.13,-822.96,-1.31,1450.61,2.34,-815.39,-1.3,下跌,3.568,0.01,1744.86,4500400.0
2024-07-04,62034.33,62187.7,59419.39,60173.92,29756701684.52,1790577493.2,-1855.09,-2.99,2768.32,4.6,-1860.41,-3.0,下跌,3.728,0.01,1699.23,8271300.0
2024-07-05,60147.14,60399.67,56777.8,56977.7,41149609229.76,2344610149.85,-3196.22,-5.31,3621.87,6.36,-3169.44,-5.27,下跌,3.826,0.004353,1649.38,4281300.0
2024-07-06,57022.81,57497.15,53717.38,56662.37,55417544033.35,3140089565.97,-315.33,-0.55,3779.78,6.67,-360.44,-0.63,下跌,3.56,0.004314,1582.5,62600.0
2024-07-07,56659.08,58472.55,56038.96,58303.54,20610320576.89,1201654620.92,1641.17,2.9,2433.59,4.17,1644.46,2.9,上涨,3.468,0.01,1575.99,2882700.0
2024-07-08,58239.43,58371.12,55793.33,55849.11,20553359505.21,1147886849.0,-2454.43,-4.21,2577.79,4.62,-2390.32,-4.1,下跌,3.263,0.01,1557.71,3880600.0
2024-07-09,55849.57,58131.34,54321.02,56705.1,39766159898.66,2254944011.12,855.99,1.53,3810.32,6.72,855.52,1.53,上涨,3.511,0.000139,1590.81,189600.0
2024-07-10,56704.6,58239.2,56316.88,58009.23,27849512607.28,1615528679.63,1304.13,2.3,1922.32,3.31,1304.63,2.3,上涨,3.371,0.009674,1595.51,238800.0
2024-07-11,58033.88,59359.43,57178.41,57742.49,26175260525.73,1511424840.1,-266.73,-0.46,2181.02,3.78,-291.39,-0.5,下跌,3.462,0.000435,1585.91,791200.0
2024-07-12,57729.89,59299.43,57120.38,57344.91,28707803842.25,1646246565.0,-397.58,-0.69,2179.06,3.8,-384.98,-0.67,下跌,3.4,0.000993,1599.7,698900.0
2024-07-13,57341.19,58532.55,56590.17,57899.47,25604805220.57,1482504536.94,554.55,0.97,1942.38,3.35,558.27,0.97,上涨,3.433,0.01,1600.1,35600.0
2024-07-14,57908.74,59787.08,57796.44,59231.95,17080061806.26,1011685422.25,1332.49,2.3,1990.64,3.36,1323.21,2.29,上涨,3.188,0.008246,1620.79,662800.0
2024-07-15,59225.25,61329.53,59225.25,60787.79,22223416060.82,1350912401.26,1555.84,2.63,2104.28,3.46,1562.54,2.64,上涨,3.234,0.01,1626.87,516200.0
2024-07-16,60815.46,64870.15,60704.93,64870.15,38094526099.38,2471197729.49,4082.36,6.72,4165.22,6.42,4054.69,6.67,上涨,3.073,0.01,1627.3,861500.0
2024-07-17,64784.42,65354.34,62487.97,65097.15,41617346767.84,2709170533.26,226.99,0.35,2866.37,4.4,312.73,0.48,上涨,2.949,0.01,1625.57,493000.0
2024-07-18,65091.83,66066.73,63896.09,64118.79,32525071310.74,2085468303.93,-978.35,-1.5,2170.65,3.39,-973.04,-1.49,下跌,2.845,0.004503,1634.36,871100.0
2024-07-19,64104.74,65104.66,63246.16,63974.07,27239305336.94,1742609136.05,-144.73,-0.23,1858.5,2.91,-130.67,-0.2,下跌,2.886,0.01,1621.02,135000.0
2024-07-20,63972.33,67442.64,63329.34,66710.15,37003855409.78,2468532904.56,2736.09,4.28,4113.3,6.17,2737.83,4.28,上涨,2.724,0.01,1676.22,234800.0
2024-07-21,66709.93,67610.73,66299.62,67163.64,19029581249.82,1278096038.11,453.49,0.68,1311.12,1.95,453.72,0.68,上涨,2.742,0.01,1689.1,383000.0
2024-07-22,67164.91,68372.91,65842.3,68154.52,26652190003.57,1816467294.09,990.88,1.48,2530.61,3.71,989.61,1.47,上涨,2.675,0.01,1691.95,855600.0
2024-07-23,68152.98,68480.06,66611.3,67585.25,42649109453.15,2882450723.48,-569.27,-0.84,1868.76,2.77,-567.73,-0.83,下跌,2.622,0.01,1647.91,2317100.0
2024-07-24,67584.8,67779.02,65484.46,65927.67,35605668665.85,2347398858.01,-1657.58,-2.45,2294.56,3.48,-1657.13,-2.45,下跌,2.742,0.01,1630.41,1347400.0
2024-07-25,65927.86,67113.98,65146.99,65372.13,27470942308.81,1795834100.67,-555.54,-0.84,1966.99,3.01,-555.72,-0.84,下跌,2.784,0.01,1630.87,4375400.0
2024-07-26,65375.87,66112.42,63473.47,65777.22,38315761669.6,2520304435.77,405.09,0.62,2638.95,4.01,401.35,0.61,上涨,2.878,0.00233,1663.09,268600.0
2024-07-27,65771.81,68207.6,65743.77,67912.06,30488630457.22,2070545795.33,2134.84,3.25,2463.83,3.63,2140.25,3.25,上涨,2.675,0.01,1659.75,2647300.0
2024-07-28,67911.81,69398.51,66705.22,67813.34,34691905492.17,2352573962.14,-98.72,-0.15,2693.29,3.97,-98.47,-0.15,下跌,2.54,0.01,1703.86,226300.0
2024-07-29,67808.66,68301.85,67085.83,68255.87,18043166944.55,1231551981.02,442.53,0.65,1216.03,1.78,447.21,0.66,上涨,2.615,0.01,1693.27,5900300.0
2024-07-30,68259.05,69987.54,66532.59,66819.92,40780682628.04,2724961795.23,-1435.95,-2.1,3454.95,5.17,-1439.14,-2.11,下跌,2.702,0.01,1730.49,1969600.0
2024-07-31,66819.05,66987.67,65323.19,66201.02,31380492109.35,2077420467.32,-618.9,-0.93,1664.48,2.51,-618.04,-0.92,下跌,2.931,0.01,1714.64,4369400.0
2024-08-01,66201.27,66810.21,64532.05,64619.25,31292785993.69,2022116350.35,-1581.77,-2.39,2278.17,3.53,-1582.02,-2.39,下跌,3.077,0.01,1700.39,6597700.0
2024-08-02,64625.84,65593.24,62248.94,65357.5,40975554493.51,2678059866.84,738.25,1.14,3344.3,5.12,731.66,1.13,上涨,3.244,0.01,1707.47,6833900.0
2024-08-03,65353.5,65523.22,61184.89,61415.06,43060875727.45,2644586463.36,-3942.44,-6.03,4338.33,7.06,-3938.43,-6.03,下跌,3.23,0.000169,1680.74,3924400.0
2024-08-04,61414.81,62148.37,59836.53,60680.09,31753030589.34,1926776903.13,-734.97,-1.2,2311.84,3.81,-734.71,-1.2,下跌,3.392,0.001297,1713.31,8262600.0
2024-08-05,60676.09,61062.99,57210.8,58116.98,31758917219.16,1845732260.33,-2563.12,-4.22,3852.19,6.63,-2559.12,-4.22,下跌,3.458,0.000979,1642.27,32286500.0
2024-08-06,58110.3,58268.83,49121.24,53991.46,108991085584.42,5884587597.53,-4125.52,-7.1,9147.59,16.94,-4118.84,-7.09,下跌,3.279,0.007646,1417.16,3496400.0
2024-08-07,53991.35,57059.92,53973.27,56034.32,49300484106.29,2762518934.52,2042.86,3.78,3086.65,5.51,2042.97,3.78,上涨,3.16,0.007352,1401.9,2289000.0
2024-08-08,56040.63,57726.88,54620.51,55027.46,41637562184.67,2291209316.42,-1006.86,-1.8,3106.37,5.65,-1013.17,-1.81,下跌,2.948,-0.003213,1401.15,1069700.0
2024-08-09,55030.03,62673.76,54766.73,61710.14,45298472566.63,2795374973.55,6682.68,12.14,7907.04,12.81,6680.11,12.14,上涨,2.831,0.006012,1368.87,765000.0
2024-08-10,61728.21,61751.86,59587.86,60880.11,33425553115.27,2034951424.11,-830.03,-1.35,2164.0,3.55,-848.1,-1.37,下跌,2.912,0.01,1367.68,8600.0
2024-08-11,60881.23,61464.51,60287.57,60945.81,15745822278.31,959641942.25,65.7,0.11,1176.95,1.93,64.58,0.11,上涨,2.878,-0.003615,1371.12,1440900.0
2024-08-12,60944.89,61778.66,58348.82,58719.48,22759754812.06,1336441039.62,-2226.33,-3.65,3429.84,5.84,-2225.41,-3.65,下跌,2.851,0.002937,1354.21,1368100.0
2024-08-13,58719.4,60680.33,57688.9,59354.51,37078637820.19,2200784517.26,635.03,1.08,2991.43,5.04,635.12,1.08,上涨,3.092,-0.006557,1359.07,300400.0
2024-08-14,59356.21,61572.4,58506.25,60609.57,30327698167.09,1838148653.55,1255.05,2.11,3066.14,5.06,1253.36,2.11,上涨,2.92,-0.011897,1372.04,1380900.0
2024-08-15,60611.05,61687.76,58472.87,58737.27,29961696179.78,1759868256.96,-1872.3,-3.09,3214.88,5.47,-1873.78,-3.09,下跌,3.073,-0.00356,1359.59,6489400.0
2024-08-16,58733.26,59838.65,56161.59,57560.1,35682112440.15,2053865875.76,-1177.17,-2.0,3677.06,6.39,-1173.17,-2.0,下跌,3.174,-0.005297,1285.41,1572000.0
2024-08-17,57560.27,59847.36,57110.02,58894.1,29350938673.14,1728597239.42,1334.01,2.32,2737.34,4.65,1333.83,2.32,上涨,2.968,0.003922,1287.26,72900.0
2024-08-18,58893.53,59694.67,58814.83,59478.97,13589684021.38,808300422.45,584.87,0.99,879.84,1.48,585.44,0.99,上涨,2.978,0.002632,1271.67,2843300.0
2024-08-19,59468.13,60262.72,58445.4,58483.96,17740625837.21,1037542140.22,-995.01,-1.67,1817.32,3.11,-984.17,-1.65,下跌,2.914,-0.007203,1273.64,427900.0
2024-08-20,58480.71,59612.66,57864.71,59493.45,25911207712.1,1541547204.78,1009.49,1.73,1747.95,2.94,1012.74,1.73,上涨,3.198,-0.0028,1261.86,3965300.0
2024-08-21,59493.45,61396.33,58610.88,59012.79,31613400007.92,1865594972.29,-480.66,-0.81,2785.44,4.72,-480.66,-0.81,下跌,3.127,0.004223,1243.42,703500.0
2024-08-22,59014.99,61834.35,58823.44,61175.19,32731154072.02,2002334635.06,2162.4,3.66,3010.91,4.92,2160.2,3.66,上涨,2.885,0.001742,1290.03,1219600.0
2024-08-23,61168.32,61408.11,59815.25,60381.91,27625734376.65,1668094674.79,-793.28,-1.3,1592.85,2.64,-786.4,-1.29,下跌,3.036,0.002611,1270.8,784800.0
2024-08-24,60380.95,64947.06,60372.05,64094.36,42530509233.24,2725965650.98,3712.44,6.15,4575.01,7.14,3713.4,6.15,上涨,2.765,0.01,1312.4,1369500.0
2024-08-25,64103.87,64513.79,63619.92,64178.99,21430585163.21,1375393324.82,84.63,0.13,893.87,1.39,75.12,0.12,上涨,2.798,0.01,1283.82,13700.0
2024-08-26,64176.37,64996.42,63833.52,64333.54,18827683555.12,1211251611.87,154.55,0.24,1162.9,1.81,157.18,0.24,上涨,2.724,0.006767,1293.58,2370400.0
2024-08-27,64342.23,64489.71,62849.56,62880.66,27682040631.48,1740664947.8,-1452.89,-2.26,1640.15,2.61,-1461.57,-2.27,下跌,2.705,0.000381,1294.93,6573900.0
2024-08-28,62879.71,63210.8,58116.75,59504.13,39103882197.72,2326842594.7,-3376.53,-5.37,5094.04,8.56,-3375.58,-5.37,下跌,3.077,-0.004425,1256.81,1022000.0
2024-08-29,59507.92,60236.45,57890.68,59027.63,40289564698.25,2378197380.36,-476.51,-0.8,2345.77,3.97,-480.3,-0.81,下跌,3.259,0.000149,1241.93,1156700.0
2024-08-30,59027.47,61184.08,58786.23,59388.18,32224990582.03,1913783568.65,360.55,0.61,2397.85,4.04,360.71,0.61,上涨,3.07,0.004583,1223.21,617700.0
2024-08-31,59388.6,59896.89,57768.53,59119.47,32292756404.79,1909130797.75,-268.71,-0.45,2128.36,3.6,-269.13,-0.45,下跌,3.221,0.000872,1222.06,64200.0
2024-09-01,59117.48,59432.59,58768.78,58969.9,12403470760.22,731431410.12,-149.58,-0.25,663.81,1.13,-147.58,-0.25,下跌,3.108,0.002227,1210.45,2038500.0
2024-09-02,58969.8,59062.07,57217.82,57325.49,24592449996.84,1409774189.54,-1644.41,-2.79,1844.25,3.22,-1644.31,-2.79,下跌,3.134,0.004257,1220.42,193100.0
2024-09-03,57326.97,59403.07,57136.03,59112.48,27036454524.41,1598191863.98,1786.99,3.12,2267.04,3.84,1785.51,3.11,上涨,3.191,0.005205,1216.22,453700.0
2024-09-04,59106.19,59815.06,57425.17,57431.02,26666961052.67,1531510853.25,-1681.46,-2.84,2389.89,4.16,-1675.17,-2.83,下跌,3.122,-0.007864,1219.01,1074500.0
2024-09-05,57430.35,58511.57,55673.16,57971.54,35627680311.93,2065391523.41,540.52,0.94,2838.41,4.9,541.19,0.94,上涨,3.257,0.002351,1204.11,1052800.0
2024-09-06,57971.7,58300.58,55712.45,56160.49,31030280656.27,1742675681.61,-1811.05,-3.12,2588.13,4.61,-1811.22,-3.12,下跌,3.419,0.004123,1182.33,5147800.0
2024-09-07,56160.19,56976.11,52598.7,53948.75,49361693566.14,2663001776.48,-2211.74,-3.94,4377.41,8.11,-2211.44,-3.94,下跌,3.697,-0.008497,1194.03,174500.0
2024-09-08,53949.09,54838.15,53740.07,54139.69,19061486526.14,1031982960.97,190.94,0.35,1098.08,2.03,190.6,0.35,上涨,3.608,0.000268,1165.51,151300.0
2024-09-09,54147.93,55300.86,53653.76,54841.57,18268287531.02,1001861502.81,701.88,1.3,1647.1,3.0,693.63,1.28,上涨,3.642,0.003942,1179.56,101300.0
2024-09-10,54851.89,58041.12,54598.43,57019.53,34618096173.33,1973907738.0,2177.97,3.97,3442.69,6.04,2167.65,3.95,上涨,3.338,0.003356,1137.23,356200.0
2024-09-11,57020.1,58029.98,56419.41,57648.71,28857630506.88,1663605241.91,629.18,1.1,1610.56,2.79,628.61,1.1,上涨,3.25,0.000369,1140.03,383200.0
2024-09-12,57650.29,57991.32,55567.34,57343.17,37049062671.53,2124510718.99,-305.54,-0.53,2423.98,4.23,-307.12,-0.53,下跌,3.257,0.008226,1147.12,390400.0
2024-09-13,57343.17,58534.36,57330.1,58127.01,33835707948.72,1966768562.61,783.84,1.37,1204.26,2.07,783.84,1.37,上涨,3.125,0.003738,1132.36,70100.0
2024-09-14,58130.32,60648.02,57650.11,60571.3,32490528355.5,1967993512.84,2444.29,4.21,2997.91,4.95,2440.98,4.2,上涨,2.903,0.002002,1173.22,120400.0
2024-09-15,60569.12,60656.72,59517.88,60005.12,16428405496.29,985788429.34,-566.18,-0.93,1138.84,1.9,-564.0,-0.93,下跌,2.915,0.008814,1155.06,635100.0
2024-09-16,60000.73,60381.92,58696.31,59182.84,18120960866.97,1072449843.08,-822.28,-1.37,1685.61,2.85,-817.89,-1.36,下跌,2.905,0.00536,1154.4,1666700.0
2024-09-17,59185.23,59205.51,57501.34,58192.51,32032822113.39,1864070220.95,-990.33,-1.67,1704.17,2.93,-992.72,-1.68,下跌,3.142,0.00565,1143.04,241800.0
2024-09-18,58192.51,61316.09,57628.07,60308.54,38075570117.66,2296281951.88,2116.03,3.64,3688.02,6.12,2116.03,3.64,上涨,2.842,0.002244,1173.69,586800.0
2024-09-19,60309.0,61664.07,59218.25,61649.68,40990702890.6,2527063663.99,1341.14,2.22,2445.81,3.97,1340.68,2.22,上涨,2.957,0.0092,1171.18,86700.0
2024-09-20,61651.16,63872.44,61609.87,62940.46,42710252572.5,2688202805.49,1290.78,2.09,2262.57,3.59,1289.3,2.09,上涨,2.652,0.01,1228.89,399400.0
2024-09-21,62941.43,64119.53,62364.61,63192.98,35177164222.14,2222949662.18,252.52,0.4,1754.92,2.78,251.55,0.4,上涨,2.604,0.000377,1284.47,3100.0
2024-09-22,63184.34,63543.36,62783.11,63394.84,14408616220.03,913431901.77,201.86,0.32,760.25,1.2,210.5,0.33,上涨,2.647,0.009871,1299.71,414800.0
2024-09-23,63396.8,63993.42,62440.73,63648.71,20183348802.13,1284644112.52,253.87,0.4,1552.7,2.44,251.91,0.4,上涨,2.617,0.00555,1287.25,227000.0
2024-09-24,63643.1,64733.56,62628.08,63329.8,31400285425.2,1988573870.86,-318.91,-0.5,2105.48,3.32,-313.3,-0.49,下跌,2.66,0.003666,1276.89,140100.0
2024-09-25,63326.84,64695.22,62737.42,64301.97,29938335243.03,1925093852.79,972.16,1.54,1957.8,3.04,975.13,1.54,上涨,2.544,0.003277,1274.96,141700.0
2024-09-26,64302.59,64804.5,62945.38,63143.15,25078377699.65,1583527663.88,-1158.82,-1.8,1859.13,2.94,-1159.45,-1.8,下跌,2.63,0.01,1248.84,869500.0
2024-09-27,63138.55,65790.8,62669.27,65181.02,36873129847.33,2403428239.75,2037.87,3.23,3121.53,4.79,2042.47,3.23,上涨,2.434,0.01,1298.29,189500.0
2024-09-28,65180.67,66480.69,64852.99,65790.66,32058813449.4,2109170548.54,609.64,0.94,1627.7,2.47,610.0,0.94,上涨,2.469,0.01,1386.97,14000.0
2024-09-29,65792.18,66255.53,65458.03,65887.65,15243637983.9,1004367465.65,96.99,0.15,797.5,1.21,95.47,0.15,上涨,2.517,0.01,1365.02,11900.0
2024-09-30,65888.9,66069.35,65450.01,65635.31,14788214574.54,970629020.53,-252.34,-0.38,619.33,0.94,-253.59,-0.38,下跌,2.554,0.00991,1362.01,1820200.0
2024-10-01,65634.66,65635.05,62873.62,63329.5,37112957474.81,2350344970.98,-2305.81,-3.51,2761.44,4.36,-2305.16,-3.51,下跌,2.583,0.008298,1317.02,7669600.0
2024-10-02,63335.6,64110.98,60189.28,60837.01,50220923499.58,3055290810.12,-2492.49,-3.94,3921.7,6.45,-2498.59,-3.95,下跌,2.878,0.004283,1323.84,778800.0
2024-10-03,60836.32,62357.69,59996.95,60632.79,40762722397.63,2471557435.07,-204.22,-0.34,2360.74,3.89,-203.54,-0.33,下跌,2.973,0.008589,1294.3,415600.0
2024-10-04,60632.49,61469.04,59878.8,60759.4,36106447278.67,2193806120.69,126.62,0.21,1590.23,2.62,126.92,0.21,上涨,3.003,0.007046,1295.31,679300.0
2024-10-05,60754.63,62465.99,60459.94,62067.48,29585472513.07,1836295647.98,1308.08,2.15,2006.05,3.23,1312.85,2.16,上涨,3.011,0.006413,1307.04,14200.0
2024-10-06,62067.61,62371.02,61689.58,62089.95,13305410748.72,826132267.62,22.47,0.04,681.44,1.1,22.34,0.04,上涨,2.962,0.01,1312.0,19000.0
2024-10-07,62084.99,62959.57,61833.15,62818.95,14776233666.91,928227550.05,729.01,1.17,1126.42,1.79,733.97,1.18,上涨,3.139,0.01,1307.36,1200300.0
2024-10-08,62819.11,64443.71,62152.55,62236.66,34253562610.48,2131827308.34,-582.3,-0.93,2291.15,3.68,-582.45,-0.93,下跌,3.107,0.01,1311.79,613000.0
2024-10-09,62221.65,63174.31,61843.56,62131.97,28134475156.91,1748050306.05,-104.69,-0.17,1330.74,2.14,-89.68,-0.14,下跌,3.168,0.01,1320.44,1538900.0
2024-10-10,62131.73,62508.84,60314.61,60582.1,27670982363.46,1676366247.47,-1549.87,-2.49,2194.22,3.62,-1549.63,-2.49,下跌,3.077,0.01,1314.69,3643400.0
2024-10-11,60581.93,61236.72,58895.21,60274.5,30452813570.16,1835528052.57,-307.6,-0.51,2341.52,3.88,-307.43,-0.51,下跌,3.191,0.005817,1383.43,67700.0
2024-10-12,60275.46,63400.87,60046.13,62445.09,30327141594.18,1893781044.05,2170.59,3.6,3354.74,5.37,2169.63,3.6,上涨,3.04,0.005207,1393.94,9600.0
2024-10-13,62444.62,63448.78,62443.27,63193.02,16744110885.86,1058110985.5,747.93,1.2,1005.51,1.59,748.41,1.2,上涨,2.975,0.01,1399.94,509000.0
2024-10-14,63192.94,63272.65,62035.64,62851.37,18177529689.88,1142482733.6,-341.65,-0.54,1237.02,1.97,-341.57,-0.54,下跌,3.1,0.01,1412.73,35400.0
2024-10-15,62848.4,66482.49,62442.15,66046.13,43706958055.79,2886675349.25,3194.75,5.08,4040.34,6.12,3197.73,5.09,上涨,2.56,0.01,1502.64,2260600.0
2024-10-16,66050.37,67881.68,64809.2,67041.11,48863870878.62,3275888004.09,994.98,1.51,3072.48,4.58,990.74,1.5,上涨,2.53,0.01,1552.97,212600.0
2024-10-17,67042.46,68375.29,66758.73,67612.72,38195189533.82,2582480685.0,571.61,0.85,1616.57,2.39,570.26,0.85,上涨,2.463,0.01,1562.88,695800.0
2024-10-18,67617.08,67912.21,66647.39,67399.83,32790898510.76,2210101099.69,-212.89,-0.31,1264.82,1.88,-217.25,-0.32,下跌,2.434,0.01,1575.44,137600.0
2024-10-19,67419.11,68969.75,67177.82,68418.79,36857165014.36,2521722598.06,1018.96,1.51,1791.93,2.62,999.68,1.48,上涨,2.407,0.01,1603.06,23000.0
2024-10-20,68418.98,68668.01,68024.64,68362.73,14443497907.64,987396992.63,-56.06,-0.08,643.37,0.94,-56.24,-0.08,下跌,2.425,0.01,1615.43,17800.0
2024-10-21,68364.18,69359.01,68105.72,69001.71,18975847518.28,1309365863.35,638.97,0.93,1253.29,1.82,637.53,0.93,上涨,2.463,0.01,1612.66,1023600.0
2024-10-22,69002.0,69462.74,66829.85,67367.85,37498611780.2,2526200949.47,-1633.85,-2.37,2632.88,3.91,-1634.15,-2.37,下跌,2.41,0.01,1616.05,306900.0
2024-10-23,67360.7,67801.58,66581.37,67361.4,31808472565.82,2142663328.65,-6.45,-0.01,1220.21,1.81,0.7,0.0,上涨,2.464,0.01,1590.79,1689200.0
2024-10-24,67362.37,67402.74,65188.04,66432.2,32263980353.23,2143367139.07,-929.2,-1.38,2214.71,3.33,-930.18,-1.38,下跌,2.542,0.01,1587.31,75100.0
2024-10-25,66653.7,68798.96,66454.1,68161.05,31414428647.2,2141240546.59,1728.86,2.6,2344.86,3.44,1507.35,2.26,上涨,2.486,0.01,1619.21,3564200.0
2024-10-26,68165.3,68722.16,65521.79,66642.41,41469984305.66,2763659727.08,-1518.64,-2.23,3200.37,4.8,-1522.89,-2.23,下跌,2.51,0.01,1671.06,25400.0
2024-10-27,66628.74,67317.92,66360.6,67014.7,19588098156.32,1312690477.02,372.29,0.56,957.32,1.43,385.96,0.58,上涨,2.46,0.01,1695.74,7200.0
2024-10-28,67023.48,68221.31,66847.22,67929.3,16721307878.1,1135866719.11,914.6,1.36,1374.09,2.02,905.82,1.35,上涨,2.444,0.01,1714.88,231300.0
2024-10-29,67922.67,70212.27,67535.13,69907.75,38799856657.22,2712410860.58,1978.46,2.91,2677.14,3.83,1985.08,2.92,上涨,2.21,0.01,1719.27,505700.0
2024-10-30,69910.05,73577.21,69729.92,72720.49,58541874401.85,4257194001.3,2812.74,4.02,3847.29,5.29,2810.45,4.02,上涨,2.187,0.01,1800.04,235700.0
2024-10-31,72715.37,72905.3,71411.74,72339.54,40646637831.37,2940359171.91,-380.95,-0.52,1493.56,2.06,-375.82,-0.52,下跌,2.235,0.01,1780.62,1594600.0
2024-11-01,72335.04,72662.31,69590.5,70215.19,40627912076.23,2852696388.3,-2124.36,-2.94,3071.81,4.37,-2119.86,-2.93,下跌,2.33,0.01,1803.31,1815900.0
2024-11-02,70216.9,71559.02,68779.7,69482.47,49989795365.09,3473414449.3,-732.72,-1.04,2779.32,4.0,-734.43,-1.05,下跌,2.448,0.01,1776.78,47900.0
2024-11-03,69486.02,69867.35,69033.72,69289.28,18184612091.32,1259998618.25,-193.19,-0.28,833.63,1.2,-196.75,-0.28,下跌,2.421,0.01,1773.06,4027900.0
2024-11-04,69296.38,69361.66,67482.53,68741.12,34868307655.18,2396886363.53,-548.16,-0.79,1879.13,2.73,-555.27,-0.8,下跌,2.493,0.01,1793.93,1952400.0
2024-11-05,68742.13,69433.18,66803.65,67811.51,41184819348.33,2792804753.74,-929.61,-1.35,2629.53,3.88,-930.63,-1.35,下跌,2.552,0.01,1822.19,236600.0
2024-11-06,67811.17,70522.79,67458.87,69359.57,46046889204.13,3193792258.5,1548.06,2.28,3063.92,4.42,1548.39,2.28,上涨,2.722,0.01,1786.91,2502100.0
2024-11-07,69358.5,76460.15,69322.03,75639.08,118592653963.0,8970238996.99,6279.51,9.05,7138.12,9.44,6280.58,9.06,上涨,2.229,0.01,1882.63,842700.0
2024-11-08,75637.08,76943.12,74480.42,75904.86,63467654989.4,4817503368.88,265.78,0.35,2462.7,3.24,267.77,0.35,上涨,2.274,0.01,1914.72,592200.0
2024-11-09,75902.83,77252.75,75648.74,76545.48,55176858002.62,4223538895.48,640.62,0.84,1604.01,2.1,642.64,0.85,上涨,2.17,0.01,1951.52,692500.0
2024-11-10,76556.19,76783.49,75773.79,76583.52,27677345636.67,2119628595.86,38.04,0.05,1009.7,1.32,27.33,0.04,上涨,2.111,0.01,1929.06,2367700.0
2024-11-11,76775.54,81474.42,76565.43,80474.19,82570594494.54,6644801346.64,3890.66,5.08,4908.99,6.1,3698.64,4.82,上涨,2.104,0.01,2021.23,1707100.0
2024-11-12,80471.41,89604.5,80283.25,88701.49,117966845037.02,10463834699.38,8227.3,10.22,9321.25,10.51,8230.07,10.23,上涨,2.232,0.02593,1884.3,7633700.0
2024-11-13,88705.56,89956.88,85155.11,87955.81,133673285374.5,11757342066.63,-745.68,-0.84,4801.77,5.46,-749.75,-0.85,下跌,2.071,0.01,1883.59,6959500.0
2024-11-14,87929.97,93434.36,86256.93,90584.17,123559027868.7,11192491574.46,2628.36,2.99,7177.42,7.92,2654.2,3.02,上涨,2.199,0.01,1953.7,3440900.0
2024-11-15,90574.88,91765.22,86682.82,87250.43,87616705247.88,7644595319.74,-3333.74,-3.68,5082.41,5.83,-3324.45,-3.67,下跌,2.229,0.01,1970.82,1613700.0
2024-11-16,87284.18,91868.74,87124.9,91066.01,78243109518.27,7125287555.59,3815.58,4.37,4743.84,5.21,3781.82,4.33,上涨,2.111,0.01,1958.42,194600.0
2024-11-17,91064.37,91763.95,90094.23,90558.48,44333192813.6,4014746343.54,-507.53,-0.56,1669.72,1.84,-505.89,-0.56,下跌,2.128,0.014277,1949.84,1498700.0
2024-11-18,90558.46,91433.04,88741.67,89845.85,46350159305.48,4164369516.47,-712.62,-0.79,2691.37,3.0,-712.61,-0.79,下跌,2.204,0.01346,1984.87,2034800.0
2024-11-19,89843.72,92596.79,89393.59,90542.64,75535775084.26,6839208792.44,696.79,0.78,3203.2,3.54,698.93,0.78,上涨,2.17,0.01758,1992.35,806200.0
2024-11-20,90536.81,94002.87,90426.99,92343.79,74521048294.81,6881556187.45,1801.15,1.99,3575.88,3.87,1806.98,2.0,上涨,2.09,0.01,1914.21,2987100.0
2024-11-21,92341.89,94902.02,91619.5,94339.5,71730956426.31,6767062207.06,1995.7,2.16,3282.53,3.48,1997.6,2.16,上涨,1.944,0.01,1926.5,2001600.0
2024-11-22,94334.64,99014.21,94132.6,98504.73,106024505581.86,10443915040.19,4165.23,4.42,4881.61,4.96,4170.08,4.42,上涨,1.962,0.01,2016.0,1796000.0
2024-11-23,98496.43,99655.5,97222.67,98997.66,78473580550.87,7768701009.62,492.93,0.5,2432.83,2.46,501.23,0.51,上涨,1.947,0.01,2061.8,5982100.0
2024-11-24,99006.74,99014.68,97232.89,97777.28,44414644676.69,4342743138.13,-1220.38,-1.23,1781.78,1.82,-1229.46,-1.24,下跌,2.003,0.018429,2074.46,2035100.0
2024-11-25,97778.1,98647.18,95788.08,98013.82,51712020622.89,5068492728.12,236.54,0.24,2859.1,2.92,235.72,0.24,上涨,2.018,0.037758,2077.02,10857300.0
2024-11-26,98033.44,98935.03,92642.91,93102.3,80909462490.0,7532856662.32,-4911.53,-5.01,6292.12,6.76,-4931.15,-5.03,下跌,2.204,0.0224,2199.15,5374600.0
2024-11-27,93087.28,94991.75,90770.82,91985.32,91656519855.42,8431054018.47,-1116.98,-1.2,4220.93,4.59,-1101.96,-1.18,下跌,2.329,0.014736,2136.45,2708900.0
2024-11-28,91978.14,97361.18,91778.66,95962.53,71133452438.22,6826145951.17,3977.21,4.32,5582.52,5.82,3984.39,4.33,上涨,2.283,0.01,2171.12,1812400.0
2024-11-29,95954.94,96650.2,94677.35,95652.47,52260008260.61,4998798619.34,-310.06,-0.32,1972.85,2.06,-302.48,-0.32,下跌,2.297,0.01,2107.35,1442800.0
2024-11-30,95653.95,98693.17,95407.89,97461.52,54968682476.36,5357331550.64,1809.06,1.89,3285.28,3.37,1807.57,1.89,上涨,2.251,0.01,2146.77,1265900.0
2024-12-01,97468.81,97499.34,96144.22,96449.06,31634227866.46,3051091409.09,-1012.47,-1.04,1355.12,1.41,-1019.76,-1.05,下跌,2.316,0.01,2165.95,1119300.0
2024-12-02,96461.34,97888.13,95770.18,97279.79,36590695296.24,3559535261.3,830.74,0.86,2117.94,2.18,818.46,0.85,上涨,2.239,0.018086,2164.55,6384600.0
2024-12-03,97276.01,98152.6,94482.86,95865.3,72680784305.11,6967565310.29,-1414.49,-1.45,3669.73,3.83,-1410.71,-1.45,下跌,2.321,0.01,2201.25,928100.0
2024-12-04,95854.6,96297.2,93629.56,96002.16,67067810961.23,6438654862.55,136.86,0.14,2667.64,2.78,147.56,0.15,上涨,2.349,0.027238,2180.26,774700.0
2024-12-05,95988.53,99207.33,94660.52,98768.53,77199817111.98,7624912263.69,2766.37,2.88,4546.8,4.6,2780.0,2.9,上涨,2.226,0.041965,2228.14,17642000.0
2024-12-06,98741.54,103900.47,91998.78,96593.57,149218945579.65,14413591004.23,-2174.96,-2.2,11901.69,12.32,-2147.97,-2.18,下跌,2.459,0.01,2347.94,905900.0
2024-12-07,97074.22,102039.88,96514.88,99920.71,94534772657.92,9445982050.85,3327.14,3.44,5525.01,5.53,2846.49,2.93,上涨,2.324,0.01,2276.85,151800.0
2024-12-08,99916.71,100563.38,99030.89,99923.34,44177510896.8,4414364292.34,2.62,0.0,1532.49,1.53,6.62,0.01,上涨,2.422,0.01,2309.83,2764100.0
2024-12-09,99921.92,101399.99,98771.51,101236.01,44125751925.28,4467115201.74,1312.68,1.31,2628.47,2.6,1314.1,1.32,上涨,2.402,0.01,2274.68,12573400.0
2024-12-10,101237.06,101272.5,94355.91,97432.72,110676473908.41,10783510032.4,-3803.29,-3.76,6916.59,7.1,-3804.34,-3.76,下跌,2.651,0.01,2279.36,3627400.0
2024-12-11,97441.23,98270.15,94321.26,96675.43,104823780633.61,10133884438.05,-757.29,-0.78,3948.89,4.08,-765.8,-0.79,下跌,2.591,0.01,2234.03,1082300.0
2024-12-12,96656.06,101913.36,95747.23,101173.03,85391409935.84,8639307905.05,4497.6,4.65,6166.13,6.09,4516.97,4.67,上涨,2.204,0.01,2237.54,4712700.0
2024-12-13,101167.81,102524.91,99339.95,100043.0,72073983532.97,7210497384.32,-1130.03,-1.12,3184.96,3.18,-1124.81,-1.11,下跌,2.194,0.01,2215.0,4230800.0
2024-12-14,100046.65,101888.81,99233.28,101459.25,56894751583.19,5772499074.98,1416.26,1.42,2655.53,2.62,1412.6,1.41,上涨,2.083,0.01,2179.59,718200.0
2024-12-15,101451.44,102618.88,100634.06,101372.97,40422968793.07,4097796244.26,-86.29,-0.09,1984.83,1.96,-78.47,-0.08,下跌,1.973,0.01,2174.09,1195600.0
2024-12-16,101373.53,105047.54,101227.03,104298.7,51145914137.43,5334452139.93,2925.73,2.89,3820.51,3.66,2925.16,2.89,上涨,1.93,0.01,2195.83,4263100.0
2024-12-17,104293.58,107780.58,103322.98,106029.72,91020417816.32,9650869468.69,1731.02,1.66,4457.6,4.2,1736.14,1.66,上涨,1.899,0.01,2233.21,5546200.0
2024-12-18,106030.69,108268.45,105291.74,106140.6,68589364867.85,7280116219.87,110.88,0.1,2976.71,2.8,109.91,0.1,上涨,1.934,0.01,2289.25,15555000.0
2024-12-19,106147.3,106470.61,100041.54,100041.54,93865656139.45,9390465047.01,-6099.06,-5.75,6429.06,6.43,-6105.75,-5.75,下跌,2.105,0.01,2311.83,17484300.0
2024-12-20,100070.69,102748.15,95587.68,97490.95,97221662391.74,9478232225.48,-2550.59,-2.55,7160.47,7.34,-2579.74,-2.58,下跌,2.373,0.01,2390.32,6969100.0
2024-12-21,97484.7,98098.91,92175.18,97755.93,105634083408.08,10326358080.2,264.98,0.27,5923.73,6.06,271.23,0.28,上涨,2.521,0.01,2299.99,1496200.0
2024-12-22,97756.19,99507.1,96426.52,97224.73,51765334293.97,5032870460.85,-531.2,-0.54,3080.58,3.17,-531.47,-0.54,下跌,2.54,0.01,2268.42,1344800.0
2024-12-23,97218.32,97360.26,94202.19,95104.93,43147981313.7,4103585931.08,-2119.79,-2.18,3158.08,3.32,-2113.38,-2.17,下跌,2.562,0.01,2281.91,5347700.0
2024-12-24,95099.39,96416.21,92403.13,94686.24,65239002918.62,6177235851.08,-418.69,-0.44,4013.08,4.24,-413.15,-0.43,下跌,2.778,0.01,2306.43,5497600.0
2024-12-25,94684.35,99404.06,93448.01,98676.1,47114953674.13,4649119757.6,3989.86,4.21,5956.05,6.04,3991.75,4.22,上涨,2.545,0.01,2303.2,2405800.0
2024-12-26,98675.91,99478.75,97593.47,99299.19,33700394629.11,3346421982.0,623.1,0.63,1885.28,1.9,623.28,0.63,上涨,2.408,0.01,2319.96,3181400.0
2024-12-27,99297.7,99884.57,95137.89,95795.52,47054980873.26,4507656201.24,-3503.68,-3.53,4746.69,4.96,-3502.18,-3.53,下跌,2.457,0.01,2289.58,3919000.0
2024-12-28,95704.97,97294.85,93310.74,94164.86,52419934565.08,4936115817.79,-1630.66,-1.7,3984.1,4.23,-1540.11,-1.61,下跌,2.712,0.01,2329.63,20400.0
2024-12-29,94160.19,95525.9,94014.29,95163.93,24107436184.88,2294158416.02,999.07,1.06,1511.61,1.59,1003.75,1.07,上涨,2.785,0.01,2336.49,983300.0
2024-12-30,95174.06,95174.88,92881.79,93530.23,29635885266.64,2771851118.95,-1633.7,-1.72,2293.09,2.45,-1643.83,-1.73,下跌,2.768,0.01,2303.02,2757500.0
2024-12-31,93527.2,94903.32,91317.14,92643.21,56188003691.42,5205437284.16,-887.01,-0.95,3586.19,3.87,-883.98,-0.95,下跌,2.843,0.01,2320.76,3578800.0
2025-01-01,92643.25,96090.6,91914.03,93429.2,43625106842.87,4075858954.89,785.99,0.85,4176.58,4.47,785.95,0.85,上涨,2.766,0.015627,2347.21,1880200.0
2025-01-02,93425.1,94929.86,92788.13,94419.76,24519888918.84,2315161965.78,990.55,1.06,2141.74,2.27,994.66,1.06,上涨,2.788,0.01,2335.07,4714200.0
2025-01-03,94416.29,97739.82,94201.57,96886.88,46009564411.19,4457723066.28,2467.12,2.61,3538.25,3.65,2470.59,2.62,上涨,2.613,0.01,2288.79,3959800.0
2025-01-04,96881.73,98956.92,96034.61,98107.43,35611391162.85,3493742021.62,1220.55,1.26,2922.3,2.98,1225.7,1.27,上涨,2.574,0.01,2271.83,561800.0
2025-01-05,98106.99,98734.43,97562.98,98236.23,22342608077.72,2194853565.63,128.8,0.13,1171.45,1.19,129.24,0.13,上涨,2.568,0.01,2305.14,585200.0
2025-01-06,98233.91,98813.31,97291.76,98314.96,20525254824.64,2017939595.65,78.73,0.08,1521.54,1.55,81.05,0.08,上涨,2.622,0.01,2292.43,2117400.0
2025-01-07,98314.96,102482.87,97926.15,102078.09,51823432704.9,5290036798.33,3763.13,3.83,4556.73,4.46,3763.13,3.83,上涨,2.318,0.01,2358.1,10640200.0
2025-01-08,102248.85,102712.49,96132.87,96922.71,58685738546.55,5687980541.27,-5155.38,-5.05,6579.61,6.79,-5326.15,-5.21,下跌,2.489,-0.013305,2372.36,9413800.0
2025-01-09,96924.16,97258.32,92525.84,95043.52,63875859171.19,6070986719.41,-1879.18,-1.94,4732.48,4.98,-1880.64,-1.94,下跌,2.711,-0.014048,2444.13,6293000.0
2025-01-10,95043.49,95349.72,91220.84,92484.04,62777261693.16,5805894591.4,-2559.49,-2.69,4128.88,4.46,-2559.45,-2.69,下跌,2.861,0.01,2423.73,1598600.0
2025-01-11,92494.49,95770.61,92250.09,94701.46,62058693683.57,5877048678.0,2217.42,2.4,3520.52,3.72,2206.96,2.39,上涨,2.758,0.01,2301.63,68200.0
2025-01-12,94700.84,94977.69,93840.04,94566.59,18860894100.35,1783610508.74,-134.86,-0.14,1137.64,1.2,-134.24,-0.14,下跌,2.742,0.01,2306.98,418000.0
2025-01-13,94565.73,95367.54,93712.51,94488.44,20885130964.79,1973403466.23,-78.15,-0.08,1655.02,1.75,-77.28,-0.08,下跌,2.846,0.01,2308.69,5519900.0
2025-01-14,94488.89,95837.0,89260.1,94516.53,72978998252.04,6897721358.51,28.08,0.03,6576.9,6.96,27.63,0.03,上涨,2.802,0.01,2318.73,367900.0
2025-01-15,94519.01,97352.66,94322.15,96534.04,53769675817.65,5190604262.79,2017.52,2.13,3030.51,3.14,2015.04,2.13,上涨,2.579,0.01,2282.65,59400.0
2025-01-16,96534.05,100697.23,96501.64,100504.49,57805923627.33,5809755072.07,3970.45,4.11,4195.59,4.17,3970.45,4.11,上涨,2.281,0.01,2323.02,5142900.0
2025-01-17,100505.3,100781.59,97364.44,99756.91,54103781804.71,5397226043.36,-747.58,-0.74,3417.15,3.43,-748.39,-0.74,下跌,2.291,0.01,2312.85,243300.0
2025-01-18,100025.77,105884.23,99948.91,104462.04,71888972662.9,7509668926.38,4705.13,4.72,5935.33,5.68,4436.28,4.44,上涨,2.148,0.01,2379.55,781100.0
2025-01-19,104124.95,104913.21,102226.62,104408.07,50445655725.64,5266933418.15,-53.98,-0.05,2686.59,2.57,283.11,0.27,上涨,2.144,0.01,2328.72,5089400.0
2025-01-20,104411.29,106299.8,99570.53,101089.61,76789928525.09,7762663657.64,-3318.46,-3.18,6729.27,6.66,-3321.68,-3.18,下跌,2.199,0.010908,2330.91,6381300.0
2025-01-21,101083.75,109114.88,99471.36,102016.66,126279678351.02,12882631299.26,927.06,0.92,9643.53,9.45,932.91,0.92,上涨,2.232,0.01,2296.08,1463300.0
2025-01-22,102052.58,107180.92,100103.96,106146.26,88733878242.01,9418769577.48,4129.6,4.05,7076.97,6.67,4093.69,4.01,上涨,2.097,0.01,2317.46,683300.0
2025-01-23,106136.38,106294.34,103360.27,103653.07,53878181052.37,5584638831.27,-2493.19,-2.35,2934.07,2.83,-2483.31,-2.34,下跌,2.26,0.001996,2350.3,3464900.0
2025-01-24,103657.67,106820.33,101257.8,103960.17,104104515428.06,10822723292.11,307.1,0.3,5562.53,5.35,302.5,0.29,上涨,2.328,0.01,2350.64,1007400.0
2025-01-25,103965.67,107098.55,102772.12,104819.48,52388229265.3,5491307184.7,859.31,0.83,4326.42,4.13,853.81,0.82,上涨,2.091,0.00916,2277.09,34900.0
2025-01-26,104824.03,105243.79,104120.38,104714.65,23888996501.99,2501527796.86,-104.84,-0.1,1123.41,1.07,-109.39,-0.1,下跌,2.2,0.01,2272.06,1259400.0
2025-01-27,104713.21,105438.64,102507.71,102682.5,22543395879.45,2314812180.51,-2032.15,-1.94,2930.93,2.85,-2030.72,-1.94,下跌,2.276,0.009181,2270.71,8272900.0
2025-01-28,102680.3,103214.11,97795.94,102087.69,89006608427.88,9086479167.96,-594.81,-0.58,5418.17,5.31,-592.61,-0.58,下跌,2.522,0.01,2354.85,16372300.0
2025-01-29,102095.42,103730.82,100238.19,101332.48,47180685494.0,4780935690.9,-755.22,-0.74,3492.63,3.45,-762.94,-0.75,下跌,2.412,0.004676,2335.25,334800.0
2025-01-30,101317.53,104750.81,101283.82,103703.21,47432049817.95,4918855879.56,2370.73,2.34,3466.98,3.34,2385.68,2.35,上涨,2.306,0.01,2296.66,1049400.0
2025-01-31,103709.34,106418.77,103321.65,104735.3,41915744521.36,4390058196.17,1032.09,1.0,3097.12,2.96,1025.96,0.99,上涨,2.17,0.01,2336.07,5655900.0
2025-02-01,104737.56,106026.35,101543.88,102405.03,45732764359.6,4683264972.89,-2330.28,-2.22,4482.47,4.38,-2332.54,-2.23,下跌,2.487,0.007749,2386.39,3227800.0
2025-02-02,102402.8,102755.73,100297.71,100655.91,27757944848.3,2794001077.72,-1749.12,-1.71,2458.02,2.44,-1746.89,-1.71,下跌,2.49,-0.015958,2395.16,12681400.0
2025-02-03,100661.54,101430.67,96216.08,97688.98,63091816853.4,6163375190.9,-2966.93,-2.95,5214.59,5.34,-2972.56,-2.95,下跌,2.842,-0.003431,2412.7,20472100.0
2025-02-04,97681.1,102514.17,91242.89,101405.42,115400897748.03,11702276858.3,3716.44,3.8,11271.28,11.12,3724.32,3.81,上涨,2.766,0.007899,2310.72,2221600.0
2025-02-05,101398.72,101745.61,96208.11,97871.82,73002130210.71,7144851189.47,-3533.61,-3.48,5537.51,5.66,-3526.9,-3.48,下跌,2.711,0.01,2290.38,1756200.0
2025-02-06,97878.01,99113.21,96174.83,96615.44,49125911241.12,4746321753.0,-1256.37,-1.28,2938.38,3.04,-1262.57,-1.29,下跌,2.794,0.005307,2268.16,1745000.0
2025-02-07,96610.64,99168.61,95707.35,96593.3,45302471947.11,4375915278.41,-22.14,-0.02,3461.26,3.58,-17.34,-0.02,下跌,2.866,-0.00245,2284.67,2995000.0
2025-02-08,96581.32,100154.14,95653.89,96529.08,55741290456.48,5380655624.83,-64.22,-0.07,4500.26,4.66,-52.23,-0.05,下跌,2.89,0.00255,2256.99,26700.0
2025-02-09,96533.26,96877.81,95702.49,96482.45,22447526395.12,2165792340.22,-46.63,-0.05,1175.31,1.22,-50.81,-0.05,下跌,2.926,0.007477,2225.71,490800.0
2025-02-10,96481.32,97325.28,94745.26,96500.09,27732901800.43,2676227652.55,17.64,0.02,2580.02,2.67,18.78,0.02,上涨,2.922,-0.000817,2252.71,94400.0
2025-02-11,96499.46,98333.22,95320.84,97437.56,40078962390.78,3905196192.96,937.46,0.97,3012.38,3.09,938.1,0.97,上涨,2.792,-8.6e-05,2206.46,1884500.0
2025-02-12,97438.13,98492.9,94875.04,95747.43,37488783271.89,3589454694.46,-1690.13,-1.73,3617.86,3.78,-1690.7,-1.74,下跌,2.878,0.00286,2289.78,3170800.0
2025-02-13,95745.69,98151.03,94101.2,97885.86,49340445529.78,4829732094.21,2138.43,2.23,4049.82,4.14,2140.17,2.24,上涨,2.593,0.01,2190.31,407900.0
2025-02-14,97888.75,98111.09,95269.71,96623.87,37147280859.99,3589313999.84,-1261.99,-1.29,2841.38,2.94,-1264.88,-1.29,下跌,2.815,0.004457,2218.0,645300.0
2025-02-15,96623.37,98819.47,96342.81,97508.97,32697987276.92,3188347057.28,885.1,0.92,2476.66,2.54,885.6,0.92,上涨,2.618,0.01,2093.34,900.0
2025-02-16,97508.38,97975.04,97240.2,97580.35,17047266288.41,1663478200.43,71.38,0.07,734.84,0.75,71.97,0.07,上涨,2.63,0.003731,2098.57,253800.0
2025-02-17,97580.49,97725.6,96060.98,96175.03,16536755396.23,1590422980.07,-1405.32,-1.44,1664.62,1.73,-1405.46,-1.44,下跌,2.647,0.01,2105.11,817000.0
2025-02-18,96179.0,97032.24,95243.54,95773.38,27336550689.63,2618113971.53,-401.65,-0.42,1788.7,1.87,-405.62,-0.42,下跌,2.811,0.01,2225.9,1395500.0
2025-02-19,95773.82,96695.38,93388.83,95539.54,37325720482.36,3566082299.54,-233.84,-0.24,3306.55,3.46,-234.27,-0.24,下跌,2.86,-0.006347,2283.83,26600.0
2025-02-20,95532.53,96855.6,95011.97,96635.61,28990872861.84,2801550776.57,1096.07,1.15,1843.63,1.91,1103.08,1.15,上涨,2.766,-0.000483,2197.09,55700.0
2025-02-21,96632.68,98767.19,96442.67,98333.94,31668022770.75,3114041382.32,1698.32,1.76,2324.52,2.36,1701.26,1.76,上涨,2.439,0.000939,2151.68,4053300.0
2025-02-22,98340.67,99497.97,94852.96,96125.54,49608706469.55,4768663899.25,-2208.39,-2.25,4645.01,4.83,-2215.13,-2.25,下跌,2.716,0.005847,2165.37,600.0
2025-02-23,96134.2,96950.16,95765.34,96577.76,18353824476.55,1772571283.77,452.22,0.47,1184.82,1.23,443.56,0.46,上涨,2.654,0.01,2145.03,45200.0
2025-02-24,96577.8,96671.87,95270.45,96273.92,16999478976.16,1636606474.68,-303.84,-0.31,1401.42,1.46,-303.88,-0.31,下跌,2.736,0.01,2156.67,15313300.0
2025-02-25,96277.96,96503.45,91371.74,91418.17,44046480529.18,4026648806.46,-4855.75,-5.04,5131.71,5.61,-4859.79,-5.05,下跌,2.897,0.01,2356.95,21473400.0
2025-02-26,91437.11,92511.08,86008.23,88736.17,92139104127.7,8176071524.62,-2682.0,-2.93,6502.84,7.33,-2700.94,-2.95,下跌,3.16,0.01,2310.5,10429400.0
2025-02-27,88638.89,89286.25,82131.9,84347.02,64597492134.27,5448605943.04,-4389.15,-4.95,7154.35,8.48,-4291.87,-4.84,下跌,2.968,0.01,2287.16,3054500.0
2025-02-28,84076.86,87000.78,83144.96,84704.22,52659591953.61,4460489903.25,357.2,0.42,3855.82,4.55,627.36,0.75,上涨,3.039,0.01,2324.63,7359300.0
2025-03-01,84705.63,85036.32,78248.92,84373.01,83610570575.92,7054475534.86,-331.21,-0.39,6787.41,8.04,-332.62,-0.39,下跌,2.779,-0.001436,2159.86,148900.0
2025-03-02,84373.86,86522.3,83794.23,86031.91,29190628396.31,2511325585.03,1658.9,1.97,2728.07,3.17,1658.05,1.97,上涨,2.794,-0.009118,2155.27,1604700.0
2025-03-03,86036.26,95043.44,85040.21,94248.35,58398341092.43,5503947321.37,8216.44,9.55,10003.22,10.61,8212.09,9.54,上涨,2.588,0.01,2025.1,8774000.0
2025-03-04,94248.42,94429.75,85081.3,86065.67,70072228536.46,6030813180.29,-8182.68,-8.68,9348.44,10.86,-8182.75,-8.68,下跌,2.873,0.004347,2013.54,2951800.0
2025-03-05,86064.07,88911.27,81529.24,87222.19,68095241474.12,5939416240.22,1156.52,1.34,7382.03,8.46,1158.13,1.35,上涨,2.804,0.004024,1966.17,1140700.0
2025-03-06,87222.95,90998.24,86379.77,90623.56,50498988027.45,4576398164.5,3401.37,3.9,4618.47,5.1,3400.61,3.9,上涨,2.489,0.002068,1987.89,595400.0
2025-03-07,90622.36,92804.94,87852.14,89961.73,47749810486.3,4295655426.91,-661.83,-0.73,4952.8,5.51,-660.63,-0.73,下跌,2.517,0.000695,1947.17,6004100.0
2025-03-08,89963.28,91191.05,84717.68,86742.68,65945677657.29,5720304525.86,-3219.05,-3.58,6473.37,7.46,-3220.61,-3.58,下跌,2.731,0.004384,1935.0,368200.0
2025-03-09,86742.65,86847.27,85247.48,86154.59,18206118081.06,1568540697.21,-588.08,-0.68,1599.78,1.86,-588.06,-0.68,下跌,2.951,-0.002277,1945.42,4849800.0
2025-03-10,86154.31,86471.13,80052.49,80601.04,30899345977.33,2490519461.61,-5553.55,-6.45,6418.64,7.96,-5553.26,-6.45,下跌,3.057,0.008235,2025.31,7626000.0
2025-03-11,80597.15,83955.93,77420.59,78532.0,54061099421.87,4245526357.57,-2069.04,-2.57,6535.33,8.32,-2065.15,-2.56,下跌,3.177,0.01,2046.18,1205700.0
2025-03-12,78523.87,83577.76,76624.25,82862.21,54702837195.93,4532797883.82,4330.21,5.51,6953.5,8.39,4338.34,5.52,上涨,2.929,0.003393,1981.46,851500.0
2025-03-13,82857.38,84358.58,80635.25,83722.36,40353484453.92,3378489031.47,860.15,1.04,3723.33,4.45,864.98,1.04,上涨,2.982,0.002654,2053.75,1638000.0
2025-03-14,83724.92,84301.69,79931.85,81066.7,31412940153.29,2546543438.53,-2655.66,-3.17,4369.84,5.39,-2658.22,-3.17,下跌,3.144,0.004305,2035.4,540000.0
2025-03-15,81066.99,85263.29,80797.56,83969.1,29588112413.91,2484487161.78,2902.4,3.58,4465.73,5.32,2902.11,3.58,上涨,2.666,0.009696,2031.4,158100.0
2025-03-16,83968.41,84672.67,83639.59,84343.11,13650491277.15,1151324866.3,374.01,0.45,1033.08,1.22,374.7,0.45,上涨,2.724,0.00116,1992.86,1251200.0
2025-03-17,84333.32,85051.6,82017.9,82579.69,21330270173.57,1761447117.58,-1763.42,-2.09,3033.69,3.67,-1753.63,-2.08,下跌,2.745,0.01,1958.93,380600.0
2025-03-18,82576.33,84725.33,82492.15,84075.69,25092785558.06,2109693227.12,1496.0,1.81,2233.17,2.66,1499.35,1.82,上涨,2.587,0.001135,1930.73,2118900.0
2025-03-19,84075.72,84075.72,81179.99,82718.5,24095774593.8,1993166386.58,-1357.19,-1.61,2895.73,3.5,-1357.21,-1.61,下跌,2.951,0.006518,1863.14,1192400.0
2025-03-20,82718.8,87021.19,82569.73,86854.23,34931960257.28,3033988369.43,4135.72,5.0,4451.46,5.13,4135.42,5.0,上涨,2.473,0.01,1824.13,3771300.0
2025-03-21,86872.95,87443.27,83647.19,84167.19,29028988960.57,2443288528.18,-2687.03,-3.09,3796.07,4.51,-2705.76,-3.11,下跌,2.711,0.002404,1785.56,1405000.0
2025-03-22,84164.54,84782.27,83171.07,84043.25,19030452299.43,1599380968.53,-123.95,-0.15,1611.2,1.92,-121.3,-0.14,下跌,2.685,-0.010634,1806.94,82200.0
2025-03-23,84046.26,84513.87,83674.78,83832.49,9863214090.93,826857772.5,-210.76,-0.25,839.09,1.0,-213.77,-0.25,下跌,2.679,-0.003039,1779.37,31200.0
2025-03-24,83831.9,86094.78,83794.91,86054.37,12594615536.53,1083821728.85,2221.88,2.65,2299.87,2.67,2222.47,2.65,上涨,2.723,-0.014557,1735.46,819300.0
2025-03-25,86070.93,88758.73,85541.2,87498.91,34582604932.53,3025940319.91,1444.54,1.68,3217.53,3.68,1427.98,1.66,上涨,2.293,-0.009804,1800.74,397700.0
2025-03-26,87512.82,88542.39,86346.08,87471.7,30005840048.56,2624661930.43,-27.21,-0.03,2196.32,2.51,-41.12,-0.05,下跌,2.382,-0.003745,1791.35,246200.0
2025-03-27,87460.24,88292.16,85861.46,86900.89,26704046037.95,2320605248.29,-570.82,-0.65,2430.7,2.8,-559.35,-0.64,下跌,2.471,0.008865,1714.74,230400.0
2025-03-28,86896.25,87786.72,85837.93,87177.1,24413471940.5,2128295736.11,276.22,0.32,1948.79,2.24,280.85,0.32,上涨,2.465,0.01,1719.3,984200.0
2025-03-29,87185.23,87489.86,83557.64,84353.15,34198619509.07,2884761315.87,-2823.95,-3.24,3932.22,4.66,-2832.08,-3.25,下跌,2.752,0.001045,1890.74,927000.0
2025-03-30,84352.07,84567.33,81634.14,82597.58,16969396135.15,1401631128.45,-1755.57,-2.08,2933.19,3.55,-1754.49,-2.08,下跌,2.821,0.003043,1889.87,155100.0
2025-03-31,82596.98,83505.0,81573.25,82334.52,14763760943.16,1215567210.47,-263.06,-0.32,1931.76,2.35,-262.46,-0.32,下跌,2.926,0.00766,1899.5,569000.0
2025-04-01,82336.06,83870.12,81293.89,82548.91,29004228246.6,2394267455.02,214.39,0.26,2576.23,3.12,212.85,0.26,上涨,2.97,0.009399,1904.54,239500.0
2025-04-02,82551.92,85487.37,82429.36,85169.17,28175650319.38,2399696740.33,2620.26,3.17,3058.0,3.59,2617.25,3.17,上涨,2.662,0.002598,1897.85,3885500.0
2025-04-03,85180.61,88466.96,82343.54,82485.71,47584398470.45,3925032815.26,-2683.46,-3.15,6123.42,7.42,-2694.9,-3.16,下跌,2.671,0.01,1930.1,1791300.0
2025-04-04,82487.48,83909.3,81282.1,83102.83,36852112079.93,3062514739.23,617.12,0.75,2627.2,3.16,615.35,0.75,上涨,2.946,0.01,1895.66,1063900.0
2025-04-05,83100.25,84696.15,81670.75,83843.8,45157640206.84,3786188374.03,740.98,0.89,3025.4,3.61,743.56,0.89,上涨,2.674,0.00501,1869.58,128600.0
2025-04-06,83844.7,84207.02,82377.74,83504.8,14380803630.57,1200866133.48,-339.0,-0.4,1829.28,2.19,-339.9,-0.41,下跌,2.807,-0.002741,1880.78,6465000.0
2025-04-07,83504.51,83704.72,77097.74,78214.48,36294853735.96,2838783141.29,-5290.32,-6.34,6606.98,8.45,-5290.03,-6.34,下跌,2.903,0.01,1968.45,4894700.0
2025-04-08,78221.33,81119.06,74436.68,79235.33,91262424987.16,7231208646.31,1020.85,1.31,6682.39,8.43,1014.0,1.3,上涨,2.807,0.005596,1962.2,1900600.0
2025-04-09,79218.47,80823.89,76198.02,76271.95,48314590748.66,3685048058.29,-2963.38,-3.74,4625.87,6.06,-2946.52,-3.72,下跌,2.891,0.01,1973.47,4352100.0
2025-04-10,76273.56,83541.0,74589.67,82573.95,84213627037.89,6953851923.31,6302.0,8.26,8951.33,10.84,6300.39,8.26,上涨,2.384,0.008279,1875.02,641600.0
2025-04-11,82565.97,82700.93,78456.13,79626.14,44718000633.05,3560721843.14,-2947.81,-3.57,4244.8,5.33,-2939.83,-3.56,下跌,2.768,0.001666,1899.03,347400.0
2025-04-12,79625.05,84247.47,78936.32,83404.84,41656778779.2,3474376960.93,3778.7,4.75,5311.15,6.37,3779.79,4.75,上涨,2.285,0.006646,1907.26,52000.0
2025-04-13,83404.52,85856.19,82769.38,85287.11,24258059103.94,2068899834.68,1882.27,2.26,3086.81,3.62,1882.6,2.26,上涨,2.214,0.00902,1950.33,340300.0
2025-04-14,85279.47,86015.19,83027.0,83684.98,28796984817.37,2409875070.51,-1602.13,-1.88,2988.18,3.57,-1594.49,-1.87,下跌,2.294,-0.001367,1940.5,464000.0
2025-04-15,83694.52,85785.0,83690.64,84542.39,34090769777.17,2882115197.63,857.41,1.02,2094.36,2.48,847.87,1.01,上涨,2.328,-0.009237,1945.54,376100.0
2025-04-16,84539.69,86429.35,83598.82,83668.99,28040322884.75,2346105476.26,-873.4,-1.03,2830.53,3.38,-870.7,-1.03,下跌,2.376,0.001021,1921.1,486000.0
2025-04-17,83674.51,85428.28,83100.62,84033.87,29617804112.22,2488898564.7,364.88,0.44,2327.66,2.77,359.35,0.43,上涨,2.465,0.01,1904.08,65400.0
2025-04-18,84030.67,85449.07,83749.75,84895.75,21276866029.01,1806315529.81,861.89,1.03,1699.31,2.0,865.08,1.03,上涨,2.372,-0.00055,1862.33,4800.0
2025-04-19,84900.19,85095.05,84298.88,84450.81,12728372364.23,1074921318.94,-444.94,-0.52,796.17,0.94,-449.38,-0.53,下跌,2.476,-0.001804,1855.63,2400.0
2025-04-20,84450.87,85597.7,84353.46,85063.41,15259300427.02,1298008175.18,612.61,0.73,1244.25,1.46,612.54,0.73,上涨,2.378,0.004425,1865.39,152400.0
2025-04-21,85066.07,85306.38,83976.85,85174.3,14664050811.93,1249000286.96,110.89,0.13,1329.54,1.56,108.23,0.13,上涨,2.469,-0.003848,1931.86,184400.0
2025-04-22,85171.54,88460.1,85143.84,87518.91,41396190189.88,3622949238.03,2344.6,2.75,3316.26,3.79,2347.36,2.76,上涨,2.216,-0.030294,1943.32,168600.0
2025-04-23,87521.87,93817.38,87084.53,93441.89,55899038455.73,5223311989.61,5922.99,6.77,6732.85,7.21,5920.02,6.76,上涨,1.985,0.007446,1933.57,490600.0
2025-04-24,93427.59,94535.73,91962.96,93699.11,41719568820.85,3909086600.6,257.22,0.28,2572.77,2.75,271.53,0.29,上涨,1.931,-0.006622,1986.55,775600.0
2025-04-25,93692.4,94016.19,91696.71,93943.79,31483175315.4,2957648917.91,244.68,0.26,2319.48,2.47,251.4,0.27,上涨,1.926,-0.003384,1994.56,1143600.0
2025-04-26,93954.25,95768.39,92898.59,94720.5,40915232363.91,3875511186.01,776.7,0.83,2869.8,3.03,766.25,0.82,上涨,1.8,0.01,1970.77,292700.0
2025-04-27,94714.65,95251.36,93927.25,94646.93,17612825123.36,1666999793.29,-73.57,-0.08,1324.11,1.4,-67.72,-0.07,下跌,1.834,0.002336,1935.05,37100.0
2025-04-28,94660.91,95301.21,93665.4,93754.85,18090367763.89,1696059657.14,-892.08,-0.94,1635.81,1.74,-906.06,-0.96,下跌,1.859,0.001306,1933.72,647400.0
2025-04-29,93755.3,95598.49,92860.81,94978.75,32363449569.16,3073840066.79,1223.91,1.31,2737.68,2.88,1223.45,1.3,上涨,1.898,0.003223,1941.84,303100.0
2025-04-30,94981.86,95485.41,93796.63,94284.79,25806129920.72,2433125582.3,-693.96,-0.73,1688.78,1.79,-697.07,-0.73,下跌,1.96,-0.000656,1929.26,1139500.0
2025-05-01,94286.47,95249.32,92979.64,94207.31,28344679831.08,2670276076.48,-77.48,-0.08,2269.68,2.41,-79.16,-0.08,下跌,1.986,-0.027309,1852.22,143600.0
2025-05-02,94212.86,97437.96,94153.63,96492.34,32875889623.44,3172271488.09,2285.03,2.43,3284.33,3.4,2279.48,2.42,上涨,1.859,-0.003144,1936.87,815100.0
2025-05-03,96494.97,97905.9,96375.95,96910.07,26421924676.66,2560550532.37,417.73,0.43,1529.95,1.58,415.1,0.43,上涨,1.848,-0.006292,1922.21,326500.0
2025-05-04,96904.63,96943.88,95821.29,95891.8,15775154888.97,1512707966.57,-1018.27,-1.05,1122.59,1.17,-1012.84,-1.05,下跌,1.888,0.003221,1876.22,1463100.0
2025-05-05,95877.18,96318.92,94173.43,94315.97,18198688416.06,1716427039.66,-1575.82,-1.64,2145.49,2.27,-1561.21,-1.63,下跌,1.901,0.001993,1859.76,112300.0
2025-05-06,94319.56,95193.19,93566.26,94748.05,25816260327.41,2446040362.4,432.08,0.46,1626.92,1.72,428.49,0.45,上涨,2.012,0.01,1884.02,486100.0
2025-05-07,94748.39,96889.18,93399.86,96802.48,26551275826.73,2570229282.51,2054.43,2.17,3489.32,3.6,2054.09,2.17,上涨,1.939,0.006699,1921.44,295900.0
2025-05-08,96800.19,97625.81,95829.33,97032.32,76983822461.78,7469918816.38,229.84,0.24,1796.47,1.85,232.12,0.24,上涨,1.762,0.006204,1941.55,935800.0
2025-05-09,97034.25,103969.54,96913.87,103241.46,69895404396.74,7216103655.21,6209.14,6.4,7055.66,6.83,6207.21,6.4,上涨,1.732,0.01,1960.54,319700.0
2025-05-10,103239.13,104297.49,102343.09,102970.85,58198593958.12,5992758673.78,-270.61,-0.26,1954.4,1.9,-268.28,-0.26,下跌,1.782,0.01,1956.8,79000.0
2025-05-11,102973.71,104961.76,102830.48,104696.33,42276713994.21,4426216685.13,1725.48,1.68,2131.28,2.04,1722.61,1.67,上涨,1.753,0.009048,2025.47,257100.0
2025-05-12,104701.07,104937.99,103364.74,104106.36,46285517406.46,4818616530.83,-589.97,-0.56,1573.25,1.51,-594.72,-0.57,下跌,1.735,0.000396,2038.77,2438600.0
2025-05-13,104106.96,105747.45,100814.4,102812.95,63250475404.07,6502968170.86,-1293.4,-1.24,4933.05,4.8,-1294.01,-1.24,下跌,1.888,0.01,2089.05,343600.0
2025-05-14,102812.49,104997.42,101515.09,104169.81,52608876410.39,5480256811.59,1356.86,1.32,3482.33,3.34,1357.32,1.32,上涨,1.845,0.004358,2131.93,360000.0
2025-05-15,104167.33,104303.57,102618.3,103539.42,45956071154.97,4758264819.09,-630.4,-0.61,1685.27,1.63,-627.91,-0.6,下跌,1.834,0.01,2161.65,1270900.0
2025-05-16,103538.83,104153.62,101440.81,103744.64,50408241840.21,5229585083.23,205.23,0.2,2712.81,2.61,205.82,0.2,上涨,1.873,0.002671,2101.17,60700.0
2025-05-17,103735.66,104533.49,103137.48,103489.29,44386499364.19,4593527380.76,-255.35,-0.25,1396.01,1.35,-246.36,-0.24,下跌,1.814,-0.002227,2027.84,675300.0
2025-05-18,103489.29,103716.95,102659.18,103191.09,37898552742.49,3910792795.53,-298.21,-0.29,1057.77,1.03,-298.2,-0.29,下跌,1.856,-0.002056,2049.47,188100.0
2025-05-19,103186.96,106597.17,103142.6,106446.01,49887082058.37,5310280863.31,3254.93,3.15,3454.56,3.25,3259.05,3.16,上涨,1.771,0.004237,2054.78,1922100.0
2025-05-20,106430.53,107068.72,102112.69,105606.18,61761126647.23,6522356748.35,-839.83,-0.79,4956.04,4.69,-824.35,-0.77,下跌,1.736,0.004903,2083.72,368100.0
2025-05-21,105605.41,107307.11,104206.52,106791.09,36515726122.09,3899554182.37,1184.91,1.12,3100.6,2.9,1185.68,1.12,上涨,1.679,0.009148,2043.59,1234900.0
2025-05-22,106791.31,110724.46,106127.23,109678.08,78086364051.2,8564362195.14,2886.99,2.7,4597.23,4.19,2886.76,2.7,上涨,1.586,0.01,2190.27,101800.0
2025-05-23,109673.49,111970.17,109285.07,111673.28,70157575642.18,7834726870.76,1995.21,1.82,2685.1,2.4,1999.79,1.82,上涨,1.568,0.01,2305.43,5494100.0
2025-05-24,111679.36,111798.9,106841.3,107287.8,67548133399.04,7247090404.04,-4385.49,-3.93,4957.6,4.62,-4391.56,-3.93,下跌,1.696,0.01,2244.11,201000.0
2025-05-25,107278.51,109454.52,106895.29,107791.16,45903627162.57,4948005107.19,503.36,0.47,2559.23,2.37,512.65,0.48,上涨,1.765,0.00455,2274.09,654500.0
2025-05-26,107802.27,109313.3,106683.37,109035.39,47518041840.84,5181148083.15,1244.23,1.15,2629.93,2.41,1233.11,1.14,上涨,1.792,0.005456,2317.37,105600.0
2025-05-27,109023.78,110376.88,108735.64,109440.37,45950461570.55,5028835440.51,404.98,0.37,1641.24,1.5,416.59,0.38,上涨,1.699,0.001473,2288.58,524200.0
2025-05-28,109440.41,110744.21,107609.56,108994.64,57450176271.9,6261761404.26,-445.73,-0.41,3134.65,2.88,-445.77,-0.41,下跌,1.725,0.01,2267.49,443400.0
2025-05-29,108992.17,109298.29,106812.93,107802.32,49155377492.62,5299063957.15,-1192.32,-1.09,2485.36,2.31,-1189.85,-1.09,下跌,1.916,0.007773,2354.51,2504200.0
2025-05-30,107795.57,108910.05,105374.4,105641.76,56022752042.28,5918342164.92,-2160.56,-2.0,3535.65,3.35,-2153.81,-2.0,下跌,1.933,0.008628,2435.49,9571700.0
2025-05-31,105646.21,106308.95,103685.79,103998.57,57655287183.41,5996067549.2,-1643.19,-1.56,2623.16,2.52,-1647.64,-1.56,下跌,1.957,0.00017,2422.33,716100.0
2025-06-01,103994.72,104927.1,103136.11,104638.09,38997843858.47,4080659944.41,639.52,0.61,1790.99,1.71,643.38,0.62,上涨,2.065,0.004435,2363.46,144200.0
2025-06-02,104637.3,105884.54,103826.96,105652.1,37397056873.12,3951077538.71,1014.01,0.97,2057.59,1.95,1014.8,0.97,上涨,2.113,0.009265,2390.8,500100.0
2025-06-03,105649.81,105958.31,103727.55,105881.53,45819706290.18,4851460784.94,229.44,0.22,2230.77,2.11,231.72,0.22,上涨,2.056,0.005544,2385.79,151000.0
2025-06-04,105888.47,106813.58,104920.84,105432.47,46196508367.02,4870611985.59,-449.06,-0.42,1892.73,1.8,-456.0,-0.43,下跌,1.999,0.007281,2386.97,1644200.0
2025-06-05,105434.37,105997.69,104232.7,104731.98,44544857105.32,4665271228.46,-700.49,-0.66,1764.99,1.69,-702.39,-0.67,下跌,2.018,0.01,2412.68,8687300.0
2025-06-06,104750.78,105936.69,100436.89,101575.95,57479298399.76,5838514472.85,-3156.03,-3.01,5499.8,5.41,-3174.83,-3.03,下跌,2.077,-0.009298,2459.14,59900.0
2025-06-07,101574.37,105376.77,101169.57,104390.35,48856653697.18,5100163029.7,2814.39,2.77,4207.2,4.03,2815.98,2.77,上涨,1.866,-0.000629,2354.9,12800.0
2025-06-08,104390.64,105972.75,103987.31,105615.63,38365033775.84,4051947070.62,1225.28,1.17,1985.44,1.88,1224.98,1.17,上涨,1.869,-0.000456,2345.1,41800.0
2025-06-09,105617.51,106497.06,105075.33,105793.65,36626232327.83,3874822812.04,178.02,0.17,1421.73,1.34,176.14,0.17,上涨,1.857,-0.002423,2259.13,130200.0
2025-06-10,105793.02,110561.42,105400.23,110294.1,55903193732.46,6165792389.85,4500.45,4.25,5161.19,4.68,4501.08,4.25,上涨,1.791,0.01,2173.78,951500.0
2025-06-11,110295.69,110380.12,108367.71,110257.24,54700101508.91,6031082094.96,-36.86,-0.03,2012.41,1.83,-38.45,-0.03,下跌,1.727,0.007702,2227.94,668200.0
2025-06-12,110261.8,110384.22,108086.33,108686.63,50842662052.1,5525917480.83,-1570.61,-1.42,2297.89,2.11,-1575.17,-1.43,下跌,1.75,0.01,2260.82,4141000.0
2025-06-13,108685.91,108780.7,105785.69,105929.05,54843867967.5,5809558901.38,-2757.58,-2.54,2995.01,2.83,-2756.86,-2.54,下跌,1.891,0.002431,2291.04,7293200.0
2025-06-14,105924.59,106182.55,102822.03,106090.97,69550440845.69,7378673482.49,161.92,0.15,3360.52,3.17,166.38,0.16,上涨,1.935,-0.003862,2311.78,375600.0
2025-06-15,106108.09,106203.76,104379.37,105472.41,38007870452.64,4008781644.41,-618.56,-0.58,1824.39,1.73,-635.68,-0.6,下跌,1.916,0.01,2255.79,68400.0
2025-06-16,105464.84,106157.1,104519.88,105552.03,36744307741.93,3878436161.21,79.62,0.08,1637.22,1.55,87.19,0.08,上涨,1.982,0.01,2293.03,125000.0
2025-06-17,105555.59,108915.38,104997.62,106796.76,50366626944.57,5378992428.72,1244.73,1.18,3917.75,3.67,1241.16,1.18,上涨,1.784,0.005234,2306.45,1074700.0
2025-06-18,106794.12,107750.19,103396.53,104601.12,55964092175.52,5853906543.9,-2195.64,-2.06,4353.67,4.16,-2193.0,-2.05,下跌,1.989,0.001896,2316.26,447400.0
2025-06-19,104602.07,105581.85,103602.26,104883.33,47318089133.08,4962878612.07,282.21,0.27,1979.59,1.89,281.26,0.27,上涨,1.962,-0.001974,2326.55,15200.0
2025-06-20,104886.77,105250.89,103940.78,104684.29,37333806919.54,3908262919.26,-199.04,-0.19,1310.12,1.25,-202.49,-0.19,下跌,1.966,0.01,2316.25,3412700.0
2025-06-21,104681.03,106539.38,102372.21,103309.6,50951862476.19,5263816741.82,-1374.68,-1.31,4167.17,4.03,-1371.43,-1.31,下跌,2.023,-0.002712,2316.06,1431400.0
2025-06-22,103315.08,104015.78,100973.06,102257.41,38360555117.77,3922650962.24,-1052.2,-1.02,3042.72,2.98,-1057.67,-1.02,下跌,1.977,-0.000268,2320.24,6377100.0
2025-06-23,102212.03,103351.63,98286.21,100987.14,65536997200.85,6618393879.98,-1270.27,-1.24,5065.42,5.02,-1224.9,-1.2,下跌,2.007,0.002461,2312.31,667900.0
2025-06-24,100987.47,106116.86,99705.75,105577.77,65237759656.41,6887657316.85,4590.63,4.55,6411.12,6.07,4590.3,4.55,上涨,1.865,0.003697,2175.82,258400.0
2025-06-25,105571.52,106316.83,104740.24,106045.63,48822986421.13,5177464455.82,467.86,0.44,1576.59,1.49,474.11,0.45,上涨,1.798,0.006185,2198.15,26200.0
2025-06-26,106047.4,108168.4,105881.39,107361.26,51624120283.34,5542430641.52,1315.63,1.24,2287.01,2.13,1313.86,1.24,上涨,1.643,9e-05,2322.23,217000.0
2025-06-27,107375.07,108305.54,106666.35,106960.0,43891990612.71,4694687459.42,-401.26,-0.37,1639.19,1.53,-415.07,-0.39,下跌,1.625,0.00232,2273.48,111900.0
2025-06-28,106954.92,107772.47,106449.99,107088.43,45353692674.51,4856855753.59,128.43,0.12,1322.48,1.23,133.51,0.12,上涨,1.726,0.004777,2257.58,0.0
2025-06-29,107090.55,107567.88,106883.97,107327.7,30037708334.64,3223878244.37,239.27,0.22,683.91,0.64,237.15,0.22,上涨,1.728,0.01,2303.26,45600.0
2025-06-30,107327.82,108526.31,107230.11,108385.57,35534874438.25,3851467624.01,1057.87,0.99,1296.2,1.2,1057.75,0.99,上涨,1.72,0.01,2350.96,197100.0
2025-07-01,108383.44,108798.79,106759.65,107135.33,42064804589.76,4506626910.85,-1250.24,-1.15,2039.14,1.9,-1248.11,-1.15,下跌,1.75,-0.000682,2398.65,232000.0
2025-07-02,107144.38,107550.68,105270.23,105698.28,44110692246.89,4662424218.24,-1437.06,-1.34,2280.45,2.16,-1446.1,-1.35,下跌,1.83,-0.000605,2381.41,391100.0
2025-07-03,105703.1,109763.65,105157.4,108859.32,56248657736.96,6123190849.74,3161.05,2.99,4606.26,4.23,3156.22,2.99,上涨,1.606,0.006129,2198.52,66800.0
2025-07-04,108845.01,110541.46,108605.8,109647.98,50494742269.78,5536646428.59,788.65,0.72,1935.67,1.77,802.97,0.74,上涨,1.602,-0.004017,2304.84,3157300.0
2025-07-05,109635.66,109751.99,107296.38,108034.34,42616442655.9,4604039214.99,-1613.64,-1.47,2455.61,2.27,-1601.32,-1.46,下跌,1.746,0.006673,2252.4,9600.0
2025-07-06,108015.84,108381.34,107842.28,108231.18,30615537519.57,3313555813.01,196.84,0.18,539.07,0.5,215.34,0.2,上涨,1.746,0.00808,2247.09,16800.0
2025-07-07,108231.18,109731.63,107847.02,109232.07,36746020463.25,4013843869.71,1000.89,0.92,1884.61,1.73,1000.89,0.92,上涨,1.765,0.004859,2274.25,522400.0
2025-07-08,109235.33,109710.25,107527.06,108299.85,45415696597.48,4918513178.55,-932.22,-0.85,2183.19,2.02,-935.48,-0.86,下跌,1.772,0.001522,2229.77,55500.0
2025-07-09,108298.23,109198.97,107499.56,108950.28,44282204126.95,4824558341.29,650.42,0.6,1699.42,1.56,652.05,0.6,上涨,1.734,0.008332,2206.71,61400.0
2025-07-10,108950.28,111925.38,108357.68,111326.55,57927418064.83,6448859677.08,2376.28,2.18,3567.69,3.2,2376.28,2.18,上涨,1.561,0.00474,2299.04,169700.0
2025-07-11,111329.2,116608.78,110660.75,115987.21,95911605727.89,11124519190.23,4660.65,4.19,5948.04,5.13,4658.01,4.18,上涨,1.581,0.01,2374.2,695200.0
2025-07-12,115986.23,118856.47,115245.69,117516.99,86928361084.93,10215559659.22,1529.79,1.32,3610.79,3.07,1530.76,1.32,上涨,1.514,0.01,2515.41,266000.0
2025-07-13,117530.71,118219.9,116977.02,117435.23,45524560304.01,5346187212.37,-81.76,-0.07,1242.88,1.06,-95.48,-0.08,下跌,1.54,0.01,2518.31,23400.0
2025-07-14,117432.2,119449.57,117265.44,119116.12,49021091807.15,5839202134.09,1680.89,1.43,2184.13,1.83,1683.92,1.43,上涨,1.575,0.01,2571.53,747900.0
2025-07-15,119115.79,123091.61,118959.2,119849.71,181746419401.06,21782254880.94,733.59,0.62,4132.42,3.45,733.92,0.62,上涨,1.605,0.022899,2918.0,5066200.0
2025-07-16,119853.85,119935.56,115765.69,117777.19,98321661180.6,11580048871.15,-2072.52,-1.73,4169.87,3.54,-2076.66,-1.73,下跌,1.904,0.01,3105.76,1142700.0
2025-07-17,117777.19,120065.52,117064.82,118738.51,72162029070.46,8568411524.57,961.32,0.82,3000.7,2.53,961.32,0.82,上涨,1.807,0.01,3100.01,294200.0
2025-07-18,118738.51,120999.61,117508.22,119289.84,72363841798.42,8632271268.53,551.34,0.46,3491.39,2.93,551.34,0.46,上涨,1.76,0.01,2979.63,4147300.0
2025-07-19,119284.11,120851.92,116925.98,118003.22,77945799784.74,9197855710.48,-1286.62,-1.08,3925.94,3.33,-1280.89,-1.07,下跌,1.884,0.01,3057.68,341800.0
2025-07-20,117998.13,118541.4,117388.41,117939.98,47564562764.75,5609763521.21,-63.25,-0.05,1152.99,0.98,-58.15,-0.05,下跌,1.869,0.01,2985.58,900800.0
2025-07-21,117944.11,118865.03,116550.14,117300.79,57515447231.38,6746607152.44,-639.19,-0.54,2314.9,1.97,-643.32,-0.55,下跌,1.979,0.01,2963.03,828100.0
2025-07-22,117306.47,119671.56,116584.4,117439.54,69820091744.15,8199639163.98,138.75,0.12,3087.16,2.63,133.07,0.11,上涨,2.039,0.01,3204.37,248100.0
2025-07-23,117426.5,120269.97,116233.23,119995.42,79217583118.49,9505746805.32,2555.88,2.18,4036.74,3.36,2568.92,2.19,上涨,1.834,0.01,2933.36,247300.0
2025-07-24,119997.44,120113.35,117391.39,118754.96,66608604536.87,7910101980.55,-1240.46,-1.03,2721.96,2.29,-1242.49,-1.04,下跌,1.966,0.01,2989.6,268400.0
2025-07-25,118770.98,119535.45,117247.97,118368.0,72627318559.56,8596750679.24,-386.95,-0.33,2287.48,1.93,-402.98,-0.34,下跌,1.973,0.01,2917.98,3514900.0
2025-07-26,118368.0,118486.98,114759.82,117635.88,104857024568.67,12334948472.14,-732.12,-0.62,3727.16,3.17,-732.12,-0.62,下跌,2.227,0.01,3028.82,500.0
2025-07-27,117644.84,118335.69,117181.23,117947.37,48508954045.79,5721503368.87,311.49,0.26,1154.46,0.98,302.52,0.26,上涨,2.099,0.007623,3022.72,500.0
2025-07-28,117944.73,119815.6,117859.69,119448.49,54683390891.99,6531848488.15,1501.12,1.27,1955.91,1.64,1503.76,1.27,上涨,2.009,0.01,2963.53,727500.0
2025-07-29,119457.52,119819.79,117441.44,117924.47,64822943193.08,7644211411.29,-1524.02,-1.28,2378.35,2.02,-1533.05,-1.28,下跌,2.096,0.01,3135.56,258200.0
2025-07-30,117938.58,119273.87,116987.37,117922.15,68463107433.08,8073316676.1,-2.33,-0.0,2286.5,1.94,-16.44,-0.01,下跌,2.152,0.01,3175.66,722600.0
2025-07-31,117921.99,118780.73,115800.83,117831.19,68896148591.57,8118115270.36,-90.96,-0.08,2979.9,2.53,-90.8,-0.08,下跌,2.162,0.01,3208.44,4677700.0
2025-08-01,117833.63,118919.98,115505.22,115758.2,69370346017.86,8030186660.95,-2072.99,-1.76,3414.76,2.95,-2075.43,-1.76,下跌,2.127,0.01,3240.66,11323100.0
2025-08-02,115738.96,116060.77,112724.44,113320.09,91294530181.27,10345504008.94,-2438.12,-2.11,3336.33,2.94,-2418.87,-2.09,下跌,2.281,0.002154,3059.84,527000.0
2025-08-03,113320.39,114021.61,112005.77,112526.91,56870865999.63,6399503083.99,-793.17,-0.7,2015.84,1.79,-793.48,-0.7,下跌,2.384,0.001378,3010.02,158000.0
2025-08-04,112525.8,114747.42,111943.8,114217.67,48099615825.72,5493826190.32,1690.76,1.5,2803.62,2.45,1691.87,1.5,上涨,2.549,0.005396,2964.69,23000.0
2025-08-05,114223.92,115729.47,114130.4,115071.88,35783028986.15,4117620572.27,854.21,0.75,1599.07,1.39,847.96,0.74,上涨,2.489,0.01,2866.52,1447300.0
2025-08-06,115072.18,115117.44,112701.11,114141.44,61039182286.4,6967100268.09,-930.44,-0.81,2416.33,2.12,-930.74,-0.81,下跌,2.494,0.01,2909.62,39700.0
2025-08-07,114140.91,115737.83,113372.25,115028.0,56379133509.58,6485178767.13,886.55,0.78,2365.58,2.06,887.08,0.78,上涨,2.308,-0.006529,2816.81,574600.0
2025-08-08,115030.05,117676.91,114279.71,117496.9,64051649680.54,7525870110.61,2468.9,2.15,3397.19,2.89,2466.85,2.14,上涨,2.24,0.01,2735.88,309200.0
2025-08-09,117505.5,117689.2,115917.46,116688.73,59713005166.12,6967834463.37,-808.17,-0.69,1771.74,1.52,-816.77,-0.7,下跌,2.266,0.01,2654.36,43200.0
2025-08-10,116678.28,117906.61,116363.84,116500.36,54004312428.99,6291521950.67,-188.36,-0.16,1542.78,1.32,-177.91,-0.15,下跌,2.334,0.01,2695.08,177100.0
2025-08-11,116497.72,119320.71,116485.17,119306.76,64755458694.47,7725764061.22,2806.4,2.41,2835.55,2.38,2809.04,2.41,上涨,2.148,0.01,2730.44,1322500.0
2025-08-12,119306.81,122321.1,118159.03,118731.45,90528784177.43,10748613543.5,-575.31,-0.48,4162.07,3.51,-575.36,-0.48,下跌,2.015,0.01,2949.11,189000.0
2025-08-13,118717.66,120302.47,118228.72,120172.91,72803657984.3,8749027224.57,1441.46,1.21,2073.75,1.73,1455.24,1.23,上涨,2.086,0.01,2885.76,155400.0
2025-08-14,120168.98,123682.45,118939.63,123344.06,90904808794.95,11212568172.63,3171.15,2.64,4742.82,3.85,3175.08,2.64,上涨,1.831,0.01,2804.87,4308100.0
2025-08-15,123339.4,124457.12,117254.88,118359.58,104055627395.48,12315980414.53,-4984.48,-4.04,7202.23,6.09,-4979.81,-4.04,下跌,2.165,0.00409,3020.18,6840300.0
2025-08-16,118365.78,119332.31,116864.57,117398.35,68665353159.16,8061199024.55,-961.23,-0.81,2467.74,2.1,-967.44,-0.82,下跌,2.189,0.00051,3050.11,18900.0
2025-08-17,117398.42,117996.06,117271.95,117491.35,48036922377.96,5643922782.67,93.0,0.08,724.11,0.62,92.93,0.08,上涨,2.201,0.007758,2951.52,45700.0
2025-08-18,117492.79,118595.78,117279.52,117453.06,45852169525.35,5385477742.65,-38.29,-0.03,1316.26,1.12,-39.73,-0.03,下跌,2.257,0.002106,2952.76,1702900.0
2025-08-19,117453.91,117614.17,114723.68,116252.31,72787808089.51,8461750971.15,-1200.75,-1.02,2890.49,2.49,-1201.59,-1.02,下跌,2.271,0.01,2924.63,3362100.0
2025-08-20,116241.86,116764.5,112730.4,112831.18,71657600352.99,8085211316.76,-3421.14,-2.94,4034.1,3.58,-3410.68,-2.93,下跌,2.343,0.01,2900.75,1138500.0
2025-08-21,112828.02,114625.8,112387.96,114274.74,67993811525.52,7769975187.01,1443.56,1.28,2237.83,1.96,1446.72,1.28,上涨,2.483,0.01,2977.5,1488800.0
2025-08-22,114275.68,114802.65,111986.23,112419.03,57817883699.69,6499830257.64,-1855.71,-1.62,2816.41,2.51,-1856.66,-1.62,下跌,2.5,0.01,2964.34,1027200.0
2025-08-23,112433.73,117377.4,111678.95,116874.09,82528088239.59,9645395003.78,4455.06,3.96,5698.45,4.88,4440.36,3.95,上涨,2.448,0.01,3082.49,410400.0
2025-08-24,116866.37,116996.25,114536.11,115374.33,55377142585.98,6389100789.24,-1499.76,-1.28,2460.14,2.13,-1492.04,-1.28,下跌,2.586,0.01,3099.53,4781800.0
2025-08-25,115387.39,115615.08,111060.54,113458.43,73961489632.02,8391554659.46,-1915.9,-1.66,4554.54,4.01,-1928.96,-1.67,下跌,2.643,0.01,3074.58,2229600.0
2025-08-26,113456.89,113637.84,109324.28,110124.35,85706860189.64,9438412348.42,-3334.08,-2.94,4313.56,3.92,-3332.54,-2.94,下跌,2.704,0.01,3013.73,456700.0
2025-08-27,110124.11,112397.01,108762.04,111802.66,69396320316.88,7758692898.24,1678.3,1.52,3634.98,3.25,1678.55,1.52,上涨,2.679,0.003934,2938.01,129100.0
2025-08-28,111795.71,112619.42,110398.26,111222.06,62137056408.51,6911011460.65,-580.59,-0.52,2221.15,2.0,-573.65,-0.51,下跌,2.734,0.000349,2864.38,400800.0
2025-08-29,111219.05,113450.08,110900.92,112544.8,58860155962.4,6624404597.62,1322.74,1.19,2549.15,2.27,1325.75,1.19,上涨,2.687,0.009545,2832.04,5740100.0
2025-08-30,112550.52,112619.05,107559.62,108410.84,77843379643.52,8439066030.98,-4133.96,-3.67,5059.43,4.67,-4139.68,-3.68,下跌,2.81,0.003612,2861.84,491400.0
2025-08-31,108409.4,108929.35,107444.44,108808.07,51486264207.9,5602121128.16,397.23,0.37,1484.91,1.36,398.67,0.37,上涨,2.87,0.01,2883.97,44800.0
2025-09-01,108818.46,109491.0,108104.66,108236.71,47986191770.07,5193867517.63,-571.36,-0.53,1386.34,1.28,-581.75,-0.53,下跌,2.81,0.000103,2885.92,766900.0
2025-09-02,108228.75,109890.58,107271.18,109250.59,66870372995.2,7305628024.02,1013.88,0.94,2619.4,2.4,1021.85,0.94,上涨,2.807,0.004473,2856.49,405300.0
2025-09-03,109243.07,111748.01,108454.03,111200.59,74776999490.97,8315246253.36,1949.99,1.78,3293.98,2.96,1957.52,1.79,上涨,2.61,-0.002509,2811.57,22300.0
2025-09-04,111190.7,112600.22,110582.96,111723.21,61119643564.64,6828482976.34,522.63,0.47,2017.27,1.81,532.51,0.48,上涨,2.605,0.01,2823.38,516400.0
2025-09-05,111718.15,112208.33,109347.23,110723.6,60131132900.9,6657935511.71,-999.61,-0.89,2861.1,2.58,-994.55,-0.89,下跌,2.678,0.01,2745.86,4029500.0
2025-09-06,110723.01,113357.49,110233.4,110650.99,60241647677.23,6665797851.07,-72.61,-0.07,3124.09,2.82,-72.03,-0.07,下跌,2.654,0.004168,2769.4,28700.0
2025-09-07,110650.57,111275.02,110024.08,110224.7,21500719035.81,2369910256.84,-426.29,-0.39,1250.93,1.13,-425.87,-0.38,下跌,2.659,0.01,2773.38,141300.0
2025-09-08,110221.33,111591.08,110211.62,111167.62,24618007519.76,2736725293.26,942.92,0.86,1379.45,1.24,946.29,0.86,上涨,2.628,0.00866,2764.49,88500.0
2025-09-09,111163.02,112869.24,110630.61,112071.43,40212813406.78,4506707546.59,903.81,0.81,2238.63,2.0,908.41,0.82,上涨,2.564,0.01,2808.24,1196000.0
2025-09-10,112077.58,113225.44,110776.7,111530.55,45984480722.09,5128674425.55,-540.88,-0.48,2448.74,2.2,-547.03,-0.49,下跌,2.686,0.004263,2786.88,64800.0
2025-09-11,111531.25,114275.25,110940.08,113955.36,56377473784.11,6424515262.02,2424.81,2.17,3335.18,2.93,2424.11,2.17,上涨,2.446,0.00649,2743.84,226300.0
2025-09-12,113961.43,115522.54,113453.84,115507.54,45685065332.3,5276969398.29,1552.18,1.36,2068.7,1.79,1546.11,1.36,上涨,2.37,0.002492,2719.35,45900.0
2025-09-13,115507.79,116769.38,114794.48,116101.58,54785725894.45,6360709386.91,594.04,0.51,1974.9,1.7,593.79,0.51,上涨,2.268,0.000394,2941.0,34100.0
2025-09-14,116093.56,116334.63,115248.28,115950.51,34549454946.66,4006026750.24,-151.08,-0.13,1086.36,0.94,-143.05,-0.12,下跌,2.28,-6.8e-05,2891.75,120400.0
2025-09-15,115950.29,116181.5,115222.4,115407.65,32798036056.78,3785144411.8,-542.85,-0.47,959.1,0.83,-542.64,-0.47,下跌,2.331,0.01,2768.27,1659400.0
2025-09-16,115399.63,116747.88,114461.06,115444.87,52937859416.04,6111404441.74,37.22,0.03,2286.82,1.98,45.24,0.04,上涨,2.369,0.004919,2711.38,52500.0
2025-09-17,115423.75,117005.28,114813.09,116843.18,45781744592.98,5349284818.8,1398.31,1.21,2192.18,1.88,1419.43,1.23,上涨,2.218,0.005914,2740.6,796000.0
2025-09-18,116840.51,117328.61,114794.97,116468.51,60528025996.3,7049608843.02,-374.68,-0.32,2533.63,2.18,-372.0,-0.32,下跌,2.4,0.009468,2700.62,61000.0
2025-09-19,116461.26,117911.79,116188.8,117137.2,49457272032.38,5793286487.18,668.7,0.57,1722.99,1.47,675.94,0.58,上涨,2.209,0.006458,2716.75,660900.0
2025-09-20,117137.67,117479.75,115141.82,115688.86,38828473971.12,4492021998.68,-1448.34,-1.24,2337.94,2.02,-1448.81,-1.24,下跌,2.312,0.01,2747.44,5600.0
2025-09-21,115691.13,116191.15,115473.52,115721.96,22864449614.47,2645918882.73,33.1,0.03,717.62,0.62,30.83,0.03,上涨,2.344,-0.000622,2752.1,16300.0
2025-09-22,115730.23,115901.09,115252.58,115306.1,22495852193.17,2593908918.71,-415.86,-0.36,648.51,0.56,-424.13,-0.37,下跌,2.342,-9.1e-05,2739.96,1999800.0
2025-09-23,115309.22,115431.31,112037.64,112748.51,70684158591.15,7969533252.39,-2557.59,-2.22,3393.66,3.01,-2560.72,-2.22,下跌,2.47,0.01,2726.76,1180100.0
2025-09-24,112757.48,113351.91,111535.57,112014.5,47211853278.67,5288412123.81,-734.01,-0.65,1816.34,1.62,-742.98,-0.66,下跌,2.539,-0.003554,2657.85,50300.0
2025-09-25,112007.67,113986.27,111229.64,113328.63,48044595084.74,5444828159.5,1314.13,1.17,2756.63,2.43,1320.96,1.18,上涨,2.495,0.007501,2643.44,5922900.0
2025-09-26,113330.17,113541.09,108713.4,109049.29,75528654283.63,8236345969.98,-4279.34,-3.78,4827.69,4.43,-4280.88,-3.78,下跌,2.554,0.003582,2724.52,72700.0
2025-09-27,109041.29,110359.19,108728.98,109712.83,57738288948.87,6334631167.6,663.54,0.61,1630.22,1.49,671.54,0.62,上涨,2.701,0.002016,2746.27,10400.0
2025-09-28,109707.14,109778.5,109144.29,109681.94,26308042910.14,2885517249.32,-30.89,-0.03,634.21,0.58,-25.2,-0.02,下跌,2.75,0.003758,2703.64,0.0
2025-09-29,109681.95,112375.48,109236.95,112122.64,33371048505.29,3741650029.64,2440.7,2.23,3138.53,2.8,2440.69,2.23,上涨,2.659,-0.006756,2661.71,4100.0
2025-09-30,112117.88,114473.57,111589.95,114400.39,60000147465.61,6864040055.82,2277.75,2.03,2883.62,2.52,2282.51,2.04,上涨,2.492,0.01,2675.5,617300.0
2025-10-01,114396.52,114836.62,112740.56,114056.08,58986330258.25,6727749817.99,-344.3,-0.3,2096.05,1.84,-340.44,-0.3,下跌,2.435,0.002064,2656.48,172000.0
2025-10-02,114057.59,118648.93,113981.4,118648.93,71328680131.6,8463071475.2,4592.84,4.03,4667.53,3.93,4591.34,4.03,上涨,2.181,0.000254,2695.02,70600.0
2025-10-03,118652.39,121086.41,118383.16,120681.26,71415163911.62,8618471944.2,2032.33,1.71,2703.25,2.24,2028.87,1.71,上涨,1.999,0.003472,2709.23,520800.0
2025-10-04,120656.98,123944.7,119344.31,122266.53,83941392228.12,10263222980.11,1585.27,1.31,4600.39,3.76,1609.55,1.33,上涨,1.853,0.00585,2657.57,16100.0
2025-10-05,122267.47,122857.64,121577.57,122425.43,36769171734.75,4501481613.66,158.9,0.13,1280.07,1.05,157.96,0.13,上涨,1.795,0.01,2556.93,120200.0
2025-10-06,122419.67,125559.21,122191.96,123513.47,73689317763.05,9101623612.53,1088.04,0.89,3367.25,2.73,1093.8,0.89,上涨,1.806,0.00139,2523.98,167700.0
2025-10-07,123510.45,126198.07,123196.05,124752.53,72568881188.34,9053151407.93,1239.05,1.0,3002.02,2.41,1242.08,1.01,上涨,1.759,0.01,2603.47,1136500.0
2025-10-08,124752.14,125184.03,120681.97,121451.38,76149412513.03,9248451165.1,-3301.15,-2.65,4502.05,3.71,-3300.76,-2.65,下跌,1.871,0.01,2648.6,456900.0
2025-10-09,121448.35,124167.09,121119.18,123354.87,65354305285.91,8061771854.4,1903.49,1.57,3047.91,2.47,1906.52,1.57,上涨,1.894,-0.003548,2634.14,1176700.0
2025-10-10,123337.07,123739.35,119812.03,121705.58,74653009424.96,9085687980.03,-1649.29,-1.34,3927.31,3.23,-1631.49,-1.32,下跌,1.957,0.009374,2565.77,35545900.0
2025-10-11,121704.74,122509.66,104582.41,113214.37,153125018868.11,17335951928.84,-8491.22,-6.98,17927.25,15.83,-8490.37,-6.98,下跌,2.153,0.004778,2411.71,1669000.0
2025-10-12,113236.43,113429.72,109760.56,110807.88,110236934340.44,12215120916.99,-2406.49,-2.13,3669.16,3.31,-2428.55,-2.14,下跌,2.318,0.007835,2410.5,2958800.0
2025-10-13,110811.51,115805.07,109715.54,115169.76,93710414090.64,10792606268.1,4361.88,3.94,6089.52,5.29,4358.25,3.93,上涨,2.515,-0.002954,2498.64,382000.0
2025-10-14,115161.68,116020.49,113821.19,115271.08,71582026738.87,8251337182.66,101.31,0.09,2199.3,1.91,109.4,0.09,上涨,2.4,0.003703,2225.66,1092200.0
2025-10-15,115264.88,115502.88,110029.49,113118.67,92212917403.23,10431002311.57,-2152.41,-1.87,5473.39,4.84,-2146.21,-1.86,下跌,2.519,0.01,2233.61,418100.0
2025-10-16,113113.97,113622.38,110235.84,110783.17,72574132855.11,8039992269.43,-2335.5,-2.06,3386.55,3.06,-2330.81,-2.06,下跌,2.579,0.01,2237.92,3047200.0
2025-10-17,110782.17,111990.81,107537.03,108186.04,87306423067.48,9445336045.12,-2597.13,-2.34,4453.78,4.12,-2596.13,-2.34,下跌,2.621,0.006408,2259.57,1606400.0
2025-10-18,108179.13,109235.81,103598.43,106467.79,99703051669.23,10615163091.66,-1718.25,-1.59,5637.38,5.29,-1711.35,-1.58,下跌,2.644,0.005373,2205.43,62300.0
2025-10-19,106483.74,107490.98,106387.45,107198.27,37779905278.47,4049940367.66,730.48,0.69,1103.53,1.03,714.53,0.67,上涨,2.716,0.01,2249.12,158700.0
2025-10-20,107204.31,109488.99,106157.79,108666.71,47657008952.53,5178730444.05,1468.44,1.37,3331.2,3.07,1462.4,1.36,上涨,2.84,0.01,2330.06,453800.0
2025-10-21,108667.44,111711.03,107485.01,110588.93,63507793084.59,7023258894.01,1922.22,1.77,4226.02,3.82,1921.49,1.77,上涨,2.67,0.01,2394.67,3038000.0
2025-10-22,110587.63,113996.35,107534.75,108476.89,101194375480.17,10977250831.85,-2112.04,-1.91,6461.6,5.96,-2110.74,-1.91,下跌,2.626,0.01,2487.03,414200.0
2025-10-23,108491.53,109115.14,106778.0,107688.59,80807013217.67,8701993163.82,-788.3,-0.73,2337.14,2.17,-802.94,-0.74,下跌,2.804,0.002669,2458.56,520500.0
2025-10-24,107679.44,111288.59,107548.43,110069.72,54944076060.09,6047679227.92,2381.13,2.21,3740.17,3.4,2390.28,2.22,上涨,2.706,0.01,2385.3,148200.0
2025-10-25,110069.35,111842.53,109770.15,111033.92,48160816980.41,5347484448.12,964.2,0.88,2072.38,1.87,964.57,0.88,上涨,2.64,0.000864,2438.27,9900.0
2025-10-26,111032.61,111947.7,110704.41,111641.73,24707667305.22,2758406722.42,607.81,0.55,1243.3,1.11,609.12,0.55,上涨,2.545,0.01,2426.47,43500.0
2025-10-27,111639.05,115260.91,111268.49,114472.44,41708524143.03,4774476667.69,2830.71,2.54,3992.42,3.49,2833.39,2.54,上涨,2.472,0.01,2426.02,125200.0
2025-10-28,114479.85,116273.31,113882.29,114119.32,61761358733.17,7048164556.77,-353.12,-0.31,2391.02,2.1,-360.52,-0.31,下跌,2.297,0.008965,2573.43,795800.0
2025-10-29,114129.09,116078.99,112291.68,112956.17,64528066504.07,7288843015.98,-1163.16,-1.02,3787.3,3.35,-1172.92,-1.03,下跌,2.375,0.01,2533.54,2646600.0
2025-10-30,112921.33,113642.72,109368.72,110055.3,62192043468.67,6844564179.57,-2900.86,-2.57,4274.0,3.88,-2866.02,-2.54,下跌,2.593,0.01,2551.44,2130100.0
2025-10-31,110059.2,111612.35,106376.69,108305.55,69673964813.67,7546076993.55,-1749.75,-1.59,5235.66,4.83,-1753.65,-1.59,下跌,2.827,0.01,2599.08,360700.0
2025-11-01,108304.41,111031.82,108288.27,109556.16,60090359559.55,6583269098.65,1250.61,1.15,2743.55,2.5,1251.75,1.16,上涨,2.698,0.002821,2456.28,61900.0
2025-11-02,109558.63,110574.9,109372.95,110064.02,25871668761.94,2847539800.81,507.86,0.46,1201.95,1.09,505.39,0.46,上涨,2.704,0.003031,2446.39,91800.0
2025-11-03,110064.43,111167.31,109523.46,110639.63,34284209458.94,3793192122.91,575.61,0.52,1643.86,1.49,575.19,0.52,上涨,2.733,0.01,2414.98,4252300.0
2025-11-04,110646.91,110764.92,105336.36,106547.52,72852006359.15,7762200575.75,-4092.11,-3.7,5428.56,5.09,-4099.39,-3.7,下跌,2.723,0.01,2573.29,12600400.0
2025-11-05,106541.42,107264.88,98962.06,101590.52,110967184772.86,11273214261.11,-4957.0,-4.65,8302.82,8.17,-4950.9,-4.65,下跌,2.88,0.003042,2508.77,304700.0
2025-11-06,101579.24,104534.7,98989.92,103891.84,77584934803.74,8060441282.49,2301.31,2.27,5544.79,5.34,2312.6,2.28,上涨,2.992,0.01,2341.8,2011200.0
2025-11-07,103893.67,104147.3,100336.87,101301.29,63932752860.8,6476470368.46,-2590.55,-2.49,3810.44,3.76,-2592.38,-2.5,下跌,2.934,0.01,2423.99,1009300.0
2025-11-08,101286.24,104052.92,99257.06,103372.41,92168030080.75,9527631091.92,2071.12,2.04,4795.86,4.64,2086.16,2.06,上涨,2.995,0.01,2356.56,56600.0
2025-11-09,103371.7,103373.56,101458.04,102282.11,51446691094.53,5262076326.01,-1090.29,-1.05,1915.52,1.87,-1089.59,-1.05,下跌,3.006,0.000583,2411.19,30300.0
2025-11-10,102278.98,105418.37,101468.88,104719.64,59679243012.82,6249588777.88,2437.52,2.38,3949.49,3.77,2440.66,2.39,上涨,3.031,0.000222,2262.13,473500.0
2025-11-11,104723.77,106564.7,104350.65,105996.6,69585887229.14,7375867251.93,1276.96,1.22,2214.05,2.09,1272.83,1.22,上涨,2.808,0.007782,2238.95,2422500.0
2025-11-12,105996.86,107428.26,102457.33,102997.47,71130078574.37,7326218208.26,-2999.13,-2.83,4970.93,4.83,-2999.39,-2.83,下跌,2.932,0.006114,2347.43,1014400.0
2025-11-13,103011.43,105297.23,100836.61,101663.19,64347179407.55,6541739316.17,-1334.28,-1.3,4460.62,4.39,-1348.25,-1.31,下跌,3.05,0.001784,2488.93,4481300.0
2025-11-14,101674.15,104005.49,97988.72,99697.49,101546815415.95,10123962679.82,-1965.7,-1.93,6016.77,6.04,-1976.66,-1.94,下跌,3.202,0.007166,2442.01,3994800.0
2025-11-15,99694.71,99804.43,94000.73,94397.79,114346441890.18,10794051160.98,-5299.7,-5.32,5803.7,6.15,-5296.92,-5.31,下跌,3.139,-0.001763,2275.42,91700.0
2025-11-16,94420.47,96728.47,94420.47,95549.15,38500716654.17,3678710594.28,1151.36,1.22,2308.0,2.42,1128.67,1.2,上涨,3.196,0.001723,2278.61,1794500.0
2025-11-17,95556.87,96564.19,92971.17,94177.07,71086235862.23,6694693729.36,-1372.07,-1.44,3593.03,3.82,-1379.79,-1.44,下跌,3.198,0.01,2216.75,3658700.0
2025-11-18,94180.88,95928.37,91214.75,92093.87,94186165724.42,8673968898.42,-2083.2,-2.21,4713.62,5.12,-2087.0,-2.22,下跌,3.212,0.01,2256.4,7055000.0
2025-11-19,92094.53,93745.08,89300.46,92948.87,101333569061.99,9418840979.77,855.0,0.93,4444.61,4.78,854.34,0.93,上涨,3.034,-0.001835,2096.95,1779900.0
2025-11-20,92946.17,92946.17,88526.83,91465.99,80350354656.08,7349324661.09,-1482.88,-1.6,4419.34,4.83,-1480.18,-1.59,下跌,3.189,0.01,2094.78,10090600.0
2025-11-21,91459.35,93025.07,86040.8,86631.9,97970645637.66,8487383035.61,-4834.09,-5.29,6984.27,8.06,-4827.45,-5.28,下跌,3.209,0.00074,2102.89,9962000.0
2025-11-22,86528.77,87380.81,80659.81,85090.69,129157506112.1,10990100811.85,-1541.21,-1.78,6721.0,7.9,-1438.09,-1.66,下跌,2.731,0.004413,1945.69,243600.0
2025-11-23,85098.57,85503.01,83490.9,84648.36,40793099246.11,3453068817.05,-442.33,-0.52,2012.11,2.38,-450.21,-0.53,下跌,2.713,-0.003819,1934.77,596100.0
2025-11-24,84648.61,88038.47,84641.77,86805.01,58083435575.55,5041933094.19,2156.65,2.55,3396.69,3.91,2156.4,2.55,上涨,2.854,0.001968,1923.03,598000.0
2025-11-25,86798.77,89206.34,85272.2,88270.56,74433896109.64,6570321839.5,1465.55,1.69,3934.14,4.46,1471.79,1.7,上涨,2.706,0.01,1922.46,802200.0
2025-11-26,88269.96,88457.33,86131.43,87341.89,64837343544.92,5663016370.97,-928.67,-1.05,2325.9,2.66,-928.06,-1.05,下跌,2.818,0.002064,1922.91,650500.0
2025-11-27,87345.59,90581.15,86316.9,90518.37,66496301869.43,6019136828.5,3176.48,3.64,4264.25,4.71,3172.78,3.63,上涨,2.682,-0.002584,1886.17,182400.0
2025-11-28,90517.77,91897.58,90089.52,91285.37,57040622844.67,5206974495.12,767.0,0.85,1808.06,1.98,767.61,0.85,上涨,2.545,-0.005101,1867.2,350600.0
2025-11-29,91285.38,92969.09,90257.12,90919.27,60895830288.66,5536604401.43,-366.1,-0.4,2711.97,2.98,-366.11,-0.4,下跌,2.573,0.000436,1869.18,70800.0
2025-11-30,90918.74,91187.62,90260.19,90851.75,37921773455.29,3445259635.68,-67.52,-0.07,927.43,1.02,-66.99,-0.07,下跌,2.498,-0.000521,1853.17,461800.0
2025-12-01,90838.21,91965.04,90394.31,90394.31,38497902869.11,3479991325.79,-457.45,-0.5,1570.74,1.74,-443.9,-0.49,下跌,2.495,0.001827,1801.45,3524200.0
2025-12-02,90389.11,90398.16,83862.25,86321.57,87962894424.44,7593095143.74,-4072.74,-4.51,6535.91,7.57,-4067.54,-4.5,下跌,2.639,0.002908,1757.81,245400.0
2025-12-03,86322.54,92316.63,86202.19,91350.21,78546798211.05,7175266152.13,5028.64,5.83,6114.44,6.69,5027.67,5.82,上涨,2.444,-0.003001,1757.35,681300.0
2025-12-04,91345.1,94060.77,91056.39,93527.8,77650204985.76,7262453136.96,2177.6,2.38,3004.38,3.21,2182.71,2.39,上涨,2.382,0.00663,1798.96,563700.0
2025-12-05,93454.26,94038.24,90976.1,92141.62,64538402680.68,5946673122.84,-1386.18,-1.48,3062.15,3.32,-1312.63,-1.4,下跌,2.317,0.000883,1800.97,917000.0
2025-12-06,92133.65,92702.64,88152.14,89387.75,63256398633.38,5654347425.9,-2753.87,-2.99,4550.49,5.09,-2745.9,-2.98,下跌,2.45,-0.004264,1779.45,94900.0
2025-12-07,89389.36,90267.46,88951.67,89272.37,37994042405.21,3391818357.52,-115.38,-0.13,1315.79,1.47,-116.99,-0.13,下跌,2.545,-0.001375,1781.58,423400.0
2025-12-08,89277.81,91740.85,87799.56,90405.64,47394898959.52,4284766102.59,1133.26,1.27,3941.28,4.36,1127.83,1.26,上涨,2.619,0.002088,1758.22,175600.0
2025-12-09,90424.59,92267.11,89644.89,90640.21,57394099055.58,5202212937.54,234.57,0.26,2622.23,2.89,215.62,0.24,上涨,2.647,-0.000837,1787.19,71500.0
2025-12-10,90639.7,94601.57,89586.98,92691.71,66861721440.1,6197527124.68,2051.5,2.26,5014.59,5.41,2052.0,2.26,上涨,2.348,0.008068,1793.14,297000.0
2025-12-11,92695.23,94477.16,91640.13,92020.95,65420694512.66,6020074179.7,-670.76,-0.72,2837.03,3.08,-674.29,-0.73,下跌,2.448,0.00846,1763.57,2982200.0
2025-12-12,92011.3,93554.27,89335.3,92511.34,64532834620.5,5970018950.75,490.39,0.53,4218.97,4.56,500.03,0.54,上涨,2.425,0.002396,1735.55,433500.0
2025-12-13,92513.67,92747.93,89532.6,90270.41,80275884583.23,7246537239.39,-2240.93,-2.42,3215.33,3.56,-2243.25,-2.42,下跌,2.613,0.008139,1697.52,4800.0
2025-12-14,90257.8,90647.57,89800.99,90298.71,64237748110.3,5800585795.2,28.3,0.03,846.58,0.94,40.91,0.05,上涨,2.614,0.005249,1669.53,801200.0
2025-12-15,90296.43,90498.11,87634.94,88175.18,50465972205.32,4449846052.37,-2123.53,-2.35,2863.17,3.25,-2121.26,-2.35,下跌,2.573,0.005048,1709.36,1925400.0
2025-12-16,88171.08,89983.92,85304.08,86419.78,45559514322.51,3937243228.51,-1755.4,-1.99,4679.84,5.42,-1751.3,-1.99,下跌,2.808,0.002459,1754.55,106000.0
2025-12-17,86424.41,88170.1,85381.69,87843.99,41262178222.6,3624634218.76,1424.21,1.65,2788.41,3.17,1419.58,1.64,上涨,2.774,0.006131,1730.6,1178400.0
2025-12-18,87847.62,90264.57,85316.27,86143.76,44243392913.92,3811292117.39,-1700.23,-1.94,4948.3,5.74,-1703.86,-1.94,下跌,2.815,0.006792,1711.81,1402300.0
2025-12-19,86144.37,89412.66,84436.32,85462.51,52667115348.19,4501063681.49,-681.25,-0.79,4976.35,5.82,-681.86,-0.79,下跌,2.84,0.01,1710.54,38200.0
2025-12-20,85476.14,89339.12,85107.66,88103.38,46733310561.08,4117362648.31,2640.87,3.09,4231.46,4.8,2627.24,3.07,上涨,2.594,0.005348,1700.1,5300.0
2025-12-21,88101.67,88497.21,87924.87,88344.0,14688196659.3,1297614024.7,240.62,0.27,572.33,0.65,242.33,0.28,上涨,2.606,0.00381,1688.86,95800.0
2025-12-22,88344.7,89027.95,87613.2,88621.75,19845522659.7,1758744956.01,277.75,0.31,1414.75,1.6,277.05,0.31,上涨,2.67,0.01,1669.46,259300.0
2025-12-23,88621.4,90501.93,87908.07,88490.02,38047472118.35,3366821538.28,-131.73,-0.15,2593.86,2.93,-131.38,-0.15,下跌,2.744,0.003457,1758.44,327100.0
2025-12-24,88490.03,88898.39,86606.97,87414.0,43683011532.93,3818506795.54,-1076.02,-1.22,2291.41,2.62,-1076.03,-1.22,下跌,2.791,0.01,1712.89,372400.0
2025-12-25,87404.32,87956.88,86411.8,87611.96,25550297986.12,2238511723.19,197.96,0.23,1545.08,1.76,207.64,0.24,上涨,2.86,0.01,1703.13,873500.0
2025-12-26,87608.32,88501.79,86949.26,87234.74,19953216347.25,1740613606.82,-377.22,-0.43,1552.53,1.78,-373.58,-0.43,下跌,2.798,0.01,1712.51,224700.0
2025-12-27,87235.51,89459.43,86628.14,87301.43,42455674908.21,3706441226.21,66.69,0.08,2831.29,3.24,65.92,0.08,上涨,2.92,0.009629,1696.31,0.0
2025-12-28,87301.43,87874.78,87182.98,87802.16,13741199310.04,1206506914.62,500.72,0.57,691.8,0.79,500.72,0.57,上涨,2.912,0.01,1691.45,1800.0
2025-12-29,87799.35,87986.89,87394.95,87835.83,15156557929.12,1331288898.87,33.68,0.04,591.94,0.67,36.49,0.04,上涨,2.872,0.01,1689.94,301900.0
2025-12-30,87835.79,90299.16,86717.92,87138.14,48411625848.57,4218499187.64,-697.69,-0.79,3581.24,4.11,-697.65,-0.79,下跌,2.975,0.01,1701.52,40200.0
2025-12-31,87134.35,89297.94,86735.54,88430.14,35586356224.95,3146906324.98,1291.99,1.48,2562.39,2.9,1295.78,1.49,上涨,,,,0.0
